hostname,executable,timestamp,cmd_args,srcCloud,destCloudPtNT,destCloudDesc,RANSAC_preset,NE&FEST src [ms],align [ms],fitScore,allignment,L2SQR,info,tf_martrix_filename,maxIter,simThrH,maxCorrDist,inlierFract
ChrisLegion,./15_fpfh_registration,09/11/24 18:21:57.159660026 UTC,../../files/feature_desc/20231121_fhtw_hallway_groundplane_tf_fpfh_4.pcd ../../files/20240416_fhtw_stairs_p5a_9_filtered.pcd -p fpfh_4 -log ,../../files/20240416_fhtw_stairs_p5a_9_filtered.pcd,../../files/feature_desc/20231121_fhtw_hallway_groundplane_tf_fpfh_4_PointNormal.pcd,../../files/feature_desc/20231121_fhtw_hallway_groundplane_tf_fpfh_4_fpfh33.pcd,fpfh_4,154.989043,77619.614595,15.528510,FAILED,none,none,none,5000000,0.930000,0.300000,0.960000
ChrisLegion,./15_fpfh_registration,09/11/24 18:21:59.239679294 UTC,../../files/feature_desc/20231121_fhtw_hallway_groundplane_tf_fpfh_4.pcd ../../files/20240416_fhtw_stairs_p5a_0_filtered.pcd -p fpfh_4 -log ,../../files/20240416_fhtw_stairs_p5a_0_filtered.pcd,../../files/feature_desc/20231121_fhtw_hallway_groundplane_tf_fpfh_4_PointNormal.pcd,../../files/feature_desc/20231121_fhtw_hallway_groundplane_tf_fpfh_4_fpfh33.pcd,fpfh_4,1100.574200,77038.491693,14.907084,FAILED,none,none,none,5000000,0.930000,0.300000,0.960000
ChrisLegion,./15_fpfh_registration,09/11/24 18:21:59.188709496 UTC,../../files/feature_desc/20231121_fhtw_hallway_groundplane_tf_fpfh_4.pcd ../../files/20240416_fhtw_stairs_p5a_11_filtered.pcd -p fpfh_4 -log ,../../files/20240416_fhtw_stairs_p5a_11_filtered.pcd,../../files/feature_desc/20231121_fhtw_hallway_groundplane_tf_fpfh_4_PointNormal.pcd,../../files/feature_desc/20231121_fhtw_hallway_groundplane_tf_fpfh_4_fpfh33.pcd,fpfh_4,1029.702655,78057.698775,15.299098,FAILED,none,none,none,5000000,0.930000,0.300000,0.960000
ChrisLegion,./15_fpfh_registration,09/11/24 18:21:59.173933706 UTC,../../files/feature_desc/20231121_fhtw_hallway_groundplane_tf_fpfh_4.pcd ../../files/20240416_fhtw_stairs_p5a_10_filtered.pcd -p fpfh_4 -log ,../../files/20240416_fhtw_stairs_p5a_10_filtered.pcd,../../files/feature_desc/20231121_fhtw_hallway_groundplane_tf_fpfh_4_PointNormal.pcd,../../files/feature_desc/20231121_fhtw_hallway_groundplane_tf_fpfh_4_fpfh33.pcd,fpfh_4,966.984688,83388.971944,16.812826,FAILED,none,none,none,5000000,0.930000,0.300000,0.960000
ChrisLegion,./15_fpfh_registration,09/11/24 18:21:59.176666433 UTC,../../files/feature_desc/20231121_fhtw_hallway_groundplane_tf_fpfh_4.pcd ../../files/20240416_fhtw_stairs_p5a_1_filtered.pcd -p fpfh_4 -log ,../../files/20240416_fhtw_stairs_p5a_1_filtered.pcd,../../files/feature_desc/20231121_fhtw_hallway_groundplane_tf_fpfh_4_PointNormal.pcd,../../files/feature_desc/20231121_fhtw_hallway_groundplane_tf_fpfh_4_fpfh33.pcd,fpfh_4,1051.750073,87200.685419,15.681606,FAILED,none,none,none,5000000,0.930000,0.300000,0.960000
ChrisLegion,./15_fpfh_registration,09/11/24 18:21:59.228414462 UTC,../../files/feature_desc/20231121_fhtw_hallway_groundplane_tf_fpfh_4.pcd ../../files/20240416_fhtw_stairs_p5a_7_filtered.pcd -p fpfh_4 -log ,../../files/20240416_fhtw_stairs_p5a_7_filtered.pcd,../../files/feature_desc/20231121_fhtw_hallway_groundplane_tf_fpfh_4_PointNormal.pcd,../../files/feature_desc/20231121_fhtw_hallway_groundplane_tf_fpfh_4_fpfh33.pcd,fpfh_4,993.937043,91911.035256,14.829762,FAILED,none,none,none,5000000,0.930000,0.300000,0.960000
ChrisLegion,./15_fpfh_registration,09/11/24 18:21:57.162682873 UTC,../../files/feature_desc/20231121_fhtw_hallway_groundplane_tf_fpfh_4.pcd ../../files/20240416_fhtw_stairs_p5a_5_filtered.pcd -p fpfh_4 -log ,../../files/20240416_fhtw_stairs_p5a_5_filtered.pcd,../../files/feature_desc/20231121_fhtw_hallway_groundplane_tf_fpfh_4_PointNormal.pcd,../../files/feature_desc/20231121_fhtw_hallway_groundplane_tf_fpfh_4_fpfh33.pcd,fpfh_4,195.857805,95368.582169,13.829933,FAILED,none,none,none,5000000,0.930000,0.300000,0.960000
ChrisLegion,./15_fpfh_registration,09/11/24 18:21:59.168627575 UTC,../../files/feature_desc/20231121_fhtw_hallway_groundplane_tf_fpfh_4.pcd ../../files/20240416_fhtw_stairs_p5a_4_filtered.pcd -p fpfh_4 -log ,../../files/20240416_fhtw_stairs_p5a_4_filtered.pcd,../../files/feature_desc/20231121_fhtw_hallway_groundplane_tf_fpfh_4_PointNormal.pcd,../../files/feature_desc/20231121_fhtw_hallway_groundplane_tf_fpfh_4_fpfh33.pcd,fpfh_4,908.375781,94358.382197,14.859763,FAILED,none,none,none,5000000,0.930000,0.300000,0.960000
ChrisLegion,./15_fpfh_registration,09/11/24 18:21:59.195077073 UTC,../../files/feature_desc/20231121_fhtw_hallway_groundplane_tf_fpfh_4.pcd ../../files/20240416_fhtw_stairs_p5a_2_filtered.pcd -p fpfh_4 -log ,../../files/20240416_fhtw_stairs_p5a_2_filtered.pcd,../../files/feature_desc/20231121_fhtw_hallway_groundplane_tf_fpfh_4_PointNormal.pcd,../../files/feature_desc/20231121_fhtw_hallway_groundplane_tf_fpfh_4_fpfh33.pcd,fpfh_4,1063.327844,96618.372410,15.212751,FAILED,none,none,none,5000000,0.930000,0.300000,0.960000
ChrisLegion,./15_fpfh_registration,09/11/24 18:21:59.794032814 UTC,../../files/feature_desc/20231121_fhtw_hallway_groundplane_tf_fpfh_4.pcd ../../files/20240416_fhtw_stairs_p5a_8_filtered.pcd -p fpfh_4 -log ,../../files/20240416_fhtw_stairs_p5a_8_filtered.pcd,../../files/feature_desc/20231121_fhtw_hallway_groundplane_tf_fpfh_4_PointNormal.pcd,../../files/feature_desc/20231121_fhtw_hallway_groundplane_tf_fpfh_4_fpfh33.pcd,fpfh_4,734.341564,100609.677480,15.649839,FAILED,none,none,none,5000000,0.930000,0.300000,0.960000
ChrisLegion,./15_fpfh_registration,09/11/24 18:21:59.191979185 UTC,../../files/feature_desc/20231121_fhtw_hallway_groundplane_tf_fpfh_4.pcd ../../files/20240416_fhtw_stairs_p5a_6_filtered.pcd -p fpfh_4 -log ,../../files/20240416_fhtw_stairs_p5a_6_filtered.pcd,../../files/feature_desc/20231121_fhtw_hallway_groundplane_tf_fpfh_4_PointNormal.pcd,../../files/feature_desc/20231121_fhtw_hallway_groundplane_tf_fpfh_4_fpfh33.pcd,fpfh_4,1131.678478,109056.663400,14.253659,FAILED,none,none,none,5000000,0.930000,0.300000,0.960000
ChrisLegion,./15_fpfh_registration,09/11/24 18:21:59.170284021 UTC,../../files/feature_desc/20231121_fhtw_hallway_groundplane_tf_fpfh_4.pcd ../../files/20240416_fhtw_stairs_p5a_3_filtered.pcd -p fpfh_4 -log ,../../files/20240416_fhtw_stairs_p5a_3_filtered.pcd,../../files/feature_desc/20231121_fhtw_hallway_groundplane_tf_fpfh_4_PointNormal.pcd,../../files/feature_desc/20231121_fhtw_hallway_groundplane_tf_fpfh_4_fpfh33.pcd,fpfh_4,878.128671,109594.436925,15.377261,FAILED,none,none,none,5000000,0.930000,0.300000,0.960000
ChrisLegion,./15_fpfh_registration,09/11/24 18:23:36.613405670 UTC,../../files/feature_desc/20231121_fhtw_hallway_groundplane_tf_fpfh_4.pcd ../../files/20240416_fhtw_stairs_p5a_16_filtered.pcd -p fpfh_4 -log ,../../files/20240416_fhtw_stairs_p5a_16_filtered.pcd,../../files/feature_desc/20231121_fhtw_hallway_groundplane_tf_fpfh_4_PointNormal.pcd,../../files/feature_desc/20231121_fhtw_hallway_groundplane_tf_fpfh_4_fpfh33.pcd,fpfh_4,286.673024,44356.493903,7.825275,FAILED,none,none,none,5000000,0.930000,0.300000,0.960000
ChrisLegion,./15_fpfh_registration,09/11/24 18:23:39.27666051 UTC,../../files/feature_desc/20231121_fhtw_hallway_groundplane_tf_fpfh_4.pcd ../../files/20240416_fhtw_stairs_p5a_14_filtered.pcd -p fpfh_4 -log ,../../files/20240416_fhtw_stairs_p5a_14_filtered.pcd,../../files/feature_desc/20231121_fhtw_hallway_groundplane_tf_fpfh_4_PointNormal.pcd,../../files/feature_desc/20231121_fhtw_hallway_groundplane_tf_fpfh_4_fpfh33.pcd,fpfh_4,230.699317,44599.710363,6.510059,FAILED,none,none,none,5000000,0.930000,0.300000,0.960000
ChrisLegion,./15_fpfh_registration,09/11/24 18:23:34.286896379 UTC,../../files/feature_desc/20231121_fhtw_hallway_groundplane_tf_fpfh_4.pcd ../../files/20240416_fhtw_stairs_p5a_19_filtered.pcd -p fpfh_4 -log ,../../files/20240416_fhtw_stairs_p5a_19_filtered.pcd,../../files/feature_desc/20231121_fhtw_hallway_groundplane_tf_fpfh_4_PointNormal.pcd,../../files/feature_desc/20231121_fhtw_hallway_groundplane_tf_fpfh_4_fpfh33.pcd,fpfh_4,239.651655,50721.664544,13.633529,FAILED,none,none,none,5000000,0.930000,0.300000,0.960000
ChrisLegion,./15_fpfh_registration,09/11/24 18:23:29.563517351 UTC,../../files/feature_desc/20231121_fhtw_hallway_groundplane_tf_fpfh_4.pcd ../../files/20240416_fhtw_stairs_p5a_13_filtered.pcd -p fpfh_4 -log ,../../files/20240416_fhtw_stairs_p5a_13_filtered.pcd,../../files/feature_desc/20231121_fhtw_hallway_groundplane_tf_fpfh_4_PointNormal.pcd,../../files/feature_desc/20231121_fhtw_hallway_groundplane_tf_fpfh_4_fpfh33.pcd,fpfh_4,244.508826,56777.523555,7.771570,FAILED,none,none,none,5000000,0.930000,0.300000,0.960000
ChrisLegion,./15_fpfh_registration,09/11/24 18:23:34.893719168 UTC,../../files/feature_desc/20231121_fhtw_hallway_groundplane_tf_fpfh_4.pcd ../../files/20240416_fhtw_stairs_p5a_17_filtered.pcd -p fpfh_4 -log ,../../files/20240416_fhtw_stairs_p5a_17_filtered.pcd,../../files/feature_desc/20231121_fhtw_hallway_groundplane_tf_fpfh_4_PointNormal.pcd,../../files/feature_desc/20231121_fhtw_hallway_groundplane_tf_fpfh_4_fpfh33.pcd,fpfh_4,235.836027,58040.012249,10.019435,FAILED,none,none,none,5000000,0.930000,0.300000,0.960000
ChrisLegion,./15_fpfh_registration,09/11/24 18:23:51.879155755 UTC,../../files/feature_desc/20231121_fhtw_hallway_groundplane_tf_fpfh_4.pcd ../../files/20240416_fhtw_stairs_p5a_15_filtered.pcd -p fpfh_4 -log ,../../files/20240416_fhtw_stairs_p5a_15_filtered.pcd,../../files/feature_desc/20231121_fhtw_hallway_groundplane_tf_fpfh_4_PointNormal.pcd,../../files/feature_desc/20231121_fhtw_hallway_groundplane_tf_fpfh_4_fpfh33.pcd,fpfh_4,218.595776,41355.316686,6.802266,FAILED,none,none,none,5000000,0.930000,0.300000,0.960000
ChrisLegion,./15_fpfh_registration,09/11/24 18:23:17.145056987 UTC,../../files/feature_desc/20231121_fhtw_hallway_groundplane_tf_fpfh_4.pcd ../../files/20240416_fhtw_stairs_p5a_21_filtered.pcd -p fpfh_4 -log ,../../files/20240416_fhtw_stairs_p5a_21_filtered.pcd,../../files/feature_desc/20231121_fhtw_hallway_groundplane_tf_fpfh_4_PointNormal.pcd,../../files/feature_desc/20231121_fhtw_hallway_groundplane_tf_fpfh_4_fpfh33.pcd,fpfh_4,217.267546,82878.135314,15.712590,FAILED,none,none,none,5000000,0.930000,0.300000,0.960000
ChrisLegion,./15_fpfh_registration,09/11/24 18:23:19.565076603 UTC,../../files/feature_desc/20231121_fhtw_hallway_groundplane_tf_fpfh_4.pcd ../../files/20240416_fhtw_stairs_p5a_12_filtered.pcd -p fpfh_4 -log ,../../files/20240416_fhtw_stairs_p5a_12_filtered.pcd,../../files/feature_desc/20231121_fhtw_hallway_groundplane_tf_fpfh_4_PointNormal.pcd,../../files/feature_desc/20231121_fhtw_hallway_groundplane_tf_fpfh_4_fpfh33.pcd,fpfh_4,227.118823,85587.075814,11.896734,FAILED,none,none,none,5000000,0.930000,0.300000,0.960000
ChrisLegion,./15_fpfh_registration,09/11/24 18:23:43.280934102 UTC,../../files/feature_desc/20231121_fhtw_hallway_groundplane_tf_fpfh_4.pcd ../../files/20240416_fhtw_stairs_p5a_20_filtered.pcd -p fpfh_4 -log ,../../files/20240416_fhtw_stairs_p5a_20_filtered.pcd,../../files/feature_desc/20231121_fhtw_hallway_groundplane_tf_fpfh_4_PointNormal.pcd,../../files/feature_desc/20231121_fhtw_hallway_groundplane_tf_fpfh_4_fpfh33.pcd,fpfh_4,230.809361,64665.503320,15.236252,FAILED,none,none,none,5000000,0.930000,0.300000,0.960000
ChrisLegion,./15_fpfh_registration,09/11/24 18:23:51.552148514 UTC,../../files/feature_desc/20231121_fhtw_hallway_groundplane_tf_fpfh_4.pcd ../../files/20240416_fhtw_stairs_p5a_18_filtered.pcd -p fpfh_4 -log ,../../files/20240416_fhtw_stairs_p5a_18_filtered.pcd,../../files/feature_desc/20231121_fhtw_hallway_groundplane_tf_fpfh_4_PointNormal.pcd,../../files/feature_desc/20231121_fhtw_hallway_groundplane_tf_fpfh_4_fpfh33.pcd,fpfh_4,284.312181,71453.880455,12.389450,FAILED,none,none,none,5000000,0.930000,0.300000,0.960000
ChrisLegion,./15_fpfh_registration,09/11/24 18:23:20.424487196 UTC,../../files/feature_desc/20231121_fhtw_hallway_groundplane_tf_fpfh_4.pcd ../../files/20240416_fhtw_stairs_p5a_23_filtered.pcd -p fpfh_4 -log ,../../files/20240416_fhtw_stairs_p5a_23_filtered.pcd,../../files/feature_desc/20231121_fhtw_hallway_groundplane_tf_fpfh_4_PointNormal.pcd,../../files/feature_desc/20231121_fhtw_hallway_groundplane_tf_fpfh_4_fpfh33.pcd,fpfh_4,232.830864,109628.784388,15.450942,FAILED,none,none,none,5000000,0.930000,0.300000,0.960000
ChrisLegion,./15_fpfh_registration,09/11/24 18:23:25.681199103 UTC,../../files/feature_desc/20231121_fhtw_hallway_groundplane_tf_fpfh_4.pcd ../../files/20240416_fhtw_stairs_p5a_22_filtered.pcd -p fpfh_4 -log ,../../files/20240416_fhtw_stairs_p5a_22_filtered.pcd,../../files/feature_desc/20231121_fhtw_hallway_groundplane_tf_fpfh_4_PointNormal.pcd,../../files/feature_desc/20231121_fhtw_hallway_groundplane_tf_fpfh_4_fpfh33.pcd,fpfh_4,247.088788,111635.056679,15.805329,FAILED,none,none,none,5000000,0.930000,0.300000,0.960000
ChrisLegion,./15_fpfh_registration,09/11/24 18:24:23.436818322 UTC,../../files/feature_desc/20231121_fhtw_hallway_groundplane_tf_fpfh_4.pcd ../../files/20240416_fhtw_stairs_p5a_28_filtered.pcd -p fpfh_4 -log ,../../files/20240416_fhtw_stairs_p5a_28_filtered.pcd,../../files/feature_desc/20231121_fhtw_hallway_groundplane_tf_fpfh_4_PointNormal.pcd,../../files/feature_desc/20231121_fhtw_hallway_groundplane_tf_fpfh_4_fpfh33.pcd,fpfh_4,208.458970,67971.192820,10.120900,FAILED,none,none,none,5000000,0.930000,0.300000,0.960000
ChrisLegion,./15_fpfh_registration,09/11/24 18:24:42.394880248 UTC,../../files/feature_desc/20231121_fhtw_hallway_groundplane_tf_fpfh_4.pcd ../../files/20240416_fhtw_stairs_p5a_33_filtered.pcd -p fpfh_4 -log ,../../files/20240416_fhtw_stairs_p5a_33_filtered.pcd,../../files/feature_desc/20231121_fhtw_hallway_groundplane_tf_fpfh_4_PointNormal.pcd,../../files/feature_desc/20231121_fhtw_hallway_groundplane_tf_fpfh_4_fpfh33.pcd,fpfh_4,216.138952,56988.023701,10.854119,FAILED,none,none,none,5000000,0.930000,0.300000,0.960000
ChrisLegion,./15_fpfh_registration,09/11/24 18:24:35.615473212 UTC,../../files/feature_desc/20231121_fhtw_hallway_groundplane_tf_fpfh_4.pcd ../../files/20240416_fhtw_stairs_p5a_27_filtered.pcd -p fpfh_4 -log ,../../files/20240416_fhtw_stairs_p5a_27_filtered.pcd,../../files/feature_desc/20231121_fhtw_hallway_groundplane_tf_fpfh_4_PointNormal.pcd,../../files/feature_desc/20231121_fhtw_hallway_groundplane_tf_fpfh_4_fpfh33.pcd,fpfh_4,191.431342,67002.019179,11.491265,FAILED,none,none,none,5000000,0.930000,0.300000,0.960000
ChrisLegion,./15_fpfh_registration,09/11/24 18:24:27.395562442 UTC,../../files/feature_desc/20231121_fhtw_hallway_groundplane_tf_fpfh_4.pcd ../../files/20240416_fhtw_stairs_p5a_31_filtered.pcd -p fpfh_4 -log ,../../files/20240416_fhtw_stairs_p5a_31_filtered.pcd,../../files/feature_desc/20231121_fhtw_hallway_groundplane_tf_fpfh_4_PointNormal.pcd,../../files/feature_desc/20231121_fhtw_hallway_groundplane_tf_fpfh_4_fpfh33.pcd,fpfh_4,194.068064,77583.705261,10.684345,FAILED,none,none,none,5000000,0.930000,0.300000,0.960000
ChrisLegion,./15_fpfh_registration,09/11/24 18:25:12.452068769 UTC,../../files/feature_desc/20231121_fhtw_hallway_groundplane_tf_fpfh_4.pcd ../../files/20240416_fhtw_stairs_p5a_35_filtered.pcd -p fpfh_4 -log ,../../files/20240416_fhtw_stairs_p5a_35_filtered.pcd,../../files/feature_desc/20231121_fhtw_hallway_groundplane_tf_fpfh_4_PointNormal.pcd,../../files/feature_desc/20231121_fhtw_hallway_groundplane_tf_fpfh_4_fpfh33.pcd,fpfh_4,211.584759,47689.258077,8.049706,FAILED,none,none,none,5000000,0.930000,0.300000,0.960000
ChrisLegion,./15_fpfh_registration,09/11/24 18:24:50.326578454 UTC,../../files/feature_desc/20231121_fhtw_hallway_groundplane_tf_fpfh_4.pcd ../../files/20240416_fhtw_stairs_p5a_32_filtered.pcd -p fpfh_4 -log ,../../files/20240416_fhtw_stairs_p5a_32_filtered.pcd,../../files/feature_desc/20231121_fhtw_hallway_groundplane_tf_fpfh_4_PointNormal.pcd,../../files/feature_desc/20231121_fhtw_hallway_groundplane_tf_fpfh_4_fpfh33.pcd,fpfh_4,217.145286,71957.059750,10.122721,FAILED,none,none,none,5000000,0.930000,0.300000,0.960000
ChrisLegion,./15_fpfh_registration,09/11/24 18:24:35.345219413 UTC,../../files/feature_desc/20231121_fhtw_hallway_groundplane_tf_fpfh_4.pcd ../../files/20240416_fhtw_stairs_p5a_29_filtered.pcd -p fpfh_4 -log ,../../files/20240416_fhtw_stairs_p5a_29_filtered.pcd,../../files/feature_desc/20231121_fhtw_hallway_groundplane_tf_fpfh_4_PointNormal.pcd,../../files/feature_desc/20231121_fhtw_hallway_groundplane_tf_fpfh_4_fpfh33.pcd,fpfh_4,211.809590,90788.386302,10.841903,FAILED,none,none,none,5000000,0.930000,0.300000,0.960000
ChrisLegion,./15_fpfh_registration,09/11/24 18:24:28.734300329 UTC,../../files/feature_desc/20231121_fhtw_hallway_groundplane_tf_fpfh_4.pcd ../../files/20240416_fhtw_stairs_p5a_25_filtered.pcd -p fpfh_4 -log ,../../files/20240416_fhtw_stairs_p5a_25_filtered.pcd,../../files/feature_desc/20231121_fhtw_hallway_groundplane_tf_fpfh_4_PointNormal.pcd,../../files/feature_desc/20231121_fhtw_hallway_groundplane_tf_fpfh_4_fpfh33.pcd,fpfh_4,244.124160,110308.143538,14.421156,FAILED,none,none,none,5000000,0.930000,0.300000,0.960000
ChrisLegion,./15_fpfh_registration,09/11/24 18:25:19.733111675 UTC,../../files/feature_desc/20231121_fhtw_hallway_groundplane_tf_fpfh_4.pcd ../../files/20240416_fhtw_stairs_p5a_34_filtered.pcd -p fpfh_4 -log ,../../files/20240416_fhtw_stairs_p5a_34_filtered.pcd,../../files/feature_desc/20231121_fhtw_hallway_groundplane_tf_fpfh_4_PointNormal.pcd,../../files/feature_desc/20231121_fhtw_hallway_groundplane_tf_fpfh_4_fpfh33.pcd,fpfh_4,245.253811,69257.985191,10.219034,FAILED,none,none,none,5000000,0.930000,0.300000,0.960000
ChrisLegion,./15_fpfh_registration,09/11/24 18:25:33.795673598 UTC,../../files/feature_desc/20231121_fhtw_hallway_groundplane_tf_fpfh_4.pcd ../../files/20240416_fhtw_stairs_p5a_40_filtered.pcd -p fpfh_4 -log ,../../files/20240416_fhtw_stairs_p5a_40_filtered.pcd,../../files/feature_desc/20231121_fhtw_hallway_groundplane_tf_fpfh_4_PointNormal.pcd,../../files/feature_desc/20231121_fhtw_hallway_groundplane_tf_fpfh_4_fpfh33.pcd,fpfh_4,215.591309,61118.708146,10.617047,FAILED,none,none,none,5000000,0.930000,0.300000,0.960000
ChrisLegion,./15_fpfh_registration,09/11/24 18:24:47.537150412 UTC,../../files/feature_desc/20231121_fhtw_hallway_groundplane_tf_fpfh_4.pcd ../../files/20240416_fhtw_stairs_p5a_24_filtered.pcd -p fpfh_4 -log ,../../files/20240416_fhtw_stairs_p5a_24_filtered.pcd,../../files/feature_desc/20231121_fhtw_hallway_groundplane_tf_fpfh_4_PointNormal.pcd,../../files/feature_desc/20231121_fhtw_hallway_groundplane_tf_fpfh_4_fpfh33.pcd,fpfh_4,219.691790,107560.451838,15.358811,FAILED,none,none,none,5000000,0.930000,0.300000,0.960000
ChrisLegion,./15_fpfh_registration,09/11/24 18:25:05.433575251 UTC,../../files/feature_desc/20231121_fhtw_hallway_groundplane_tf_fpfh_4.pcd ../../files/20240416_fhtw_stairs_p5a_30_filtered.pcd -p fpfh_4 -log ,../../files/20240416_fhtw_stairs_p5a_30_filtered.pcd,../../files/feature_desc/20231121_fhtw_hallway_groundplane_tf_fpfh_4_PointNormal.pcd,../../files/feature_desc/20231121_fhtw_hallway_groundplane_tf_fpfh_4_fpfh33.pcd,fpfh_4,232.285468,96079.582924,10.452721,FAILED,none,none,none,5000000,0.930000,0.300000,0.960000
ChrisLegion,./15_fpfh_registration,09/11/24 18:25:44.975001582 UTC,../../files/feature_desc/20231121_fhtw_hallway_groundplane_tf_fpfh_4.pcd ../../files/20240416_fhtw_stairs_p5a_39_filtered.pcd -p fpfh_4 -log ,../../files/20240416_fhtw_stairs_p5a_39_filtered.pcd,../../files/feature_desc/20231121_fhtw_hallway_groundplane_tf_fpfh_4_PointNormal.pcd,../../files/feature_desc/20231121_fhtw_hallway_groundplane_tf_fpfh_4_fpfh33.pcd,fpfh_4,239.873804,57097.601432,10.464364,FAILED,none,none,none,5000000,0.930000,0.300000,0.960000
ChrisLegion,./15_fpfh_registration,09/11/24 18:24:26.36765489 UTC,../../files/feature_desc/20231121_fhtw_hallway_groundplane_tf_fpfh_4.pcd ../../files/20240416_fhtw_stairs_p5a_26_filtered.pcd -p fpfh_4 -log ,../../files/20240416_fhtw_stairs_p5a_26_filtered.pcd,../../files/feature_desc/20231121_fhtw_hallway_groundplane_tf_fpfh_4_PointNormal.pcd,../../files/feature_desc/20231121_fhtw_hallway_groundplane_tf_fpfh_4_fpfh33.pcd,fpfh_4,231.639756,153501.459186,13.734441,FAILED,none,none,none,5000000,0.930000,0.300000,0.960000
ChrisLegion,./15_fpfh_registration,09/11/24 18:25:47.374881692 UTC,../../files/feature_desc/20231121_fhtw_hallway_groundplane_tf_fpfh_4.pcd ../../files/20240416_fhtw_stairs_p5a_43_filtered.pcd -p fpfh_4 -log ,../../files/20240416_fhtw_stairs_p5a_43_filtered.pcd,../../files/feature_desc/20231121_fhtw_hallway_groundplane_tf_fpfh_4_PointNormal.pcd,../../files/feature_desc/20231121_fhtw_hallway_groundplane_tf_fpfh_4_fpfh33.pcd,fpfh_4,233.512762,87066.774646,13.313746,FAILED,none,none,none,5000000,0.930000,0.300000,0.960000
ChrisLegion,./15_fpfh_registration,09/11/24 18:26:37.714593081 UTC,../../files/feature_desc/20231121_fhtw_hallway_groundplane_tf_fpfh_4.pcd ../../files/20240416_fhtw_stairs_p5a_36_filtered.pcd -p fpfh_4 -log ,../../files/20240416_fhtw_stairs_p5a_36_filtered.pcd,../../files/feature_desc/20231121_fhtw_hallway_groundplane_tf_fpfh_4_PointNormal.pcd,../../files/feature_desc/20231121_fhtw_hallway_groundplane_tf_fpfh_4_fpfh33.pcd,fpfh_4,254.028806,54829.856955,9.083877,FAILED,none,none,none,5000000,0.930000,0.300000,0.960000
ChrisLegion,./15_fpfh_registration,09/11/24 18:26:08.518843179 UTC,../../files/feature_desc/20231121_fhtw_hallway_groundplane_tf_fpfh_4.pcd ../../files/20240416_fhtw_stairs_p5a_41_filtered.pcd -p fpfh_4 -log ,../../files/20240416_fhtw_stairs_p5a_41_filtered.pcd,../../files/feature_desc/20231121_fhtw_hallway_groundplane_tf_fpfh_4_PointNormal.pcd,../../files/feature_desc/20231121_fhtw_hallway_groundplane_tf_fpfh_4_fpfh33.pcd,fpfh_4,263.946858,86067.956970,12.386093,FAILED,none,none,none,5000000,0.930000,0.300000,0.960000
ChrisLegion,./15_fpfh_registration,09/11/24 18:26:21.452209320 UTC,../../files/feature_desc/20231121_fhtw_hallway_groundplane_tf_fpfh_4.pcd ../../files/20240416_fhtw_stairs_p5a_37_filtered.pcd -p fpfh_4 -log ,../../files/20240416_fhtw_stairs_p5a_37_filtered.pcd,../../files/feature_desc/20231121_fhtw_hallway_groundplane_tf_fpfh_4_PointNormal.pcd,../../files/feature_desc/20231121_fhtw_hallway_groundplane_tf_fpfh_4_fpfh33.pcd,fpfh_4,178.417136,76373.240580,9.672464,FAILED,none,none,none,5000000,0.930000,0.300000,0.960000
ChrisLegion,./15_fpfh_registration,09/11/24 18:27:01.927277864 UTC,../../files/feature_desc/20231121_fhtw_hallway_groundplane_tf_fpfh_4.pcd ../../files/20240416_fhtw_stairs_p5a_38_filtered.pcd -p fpfh_4 -log ,../../files/20240416_fhtw_stairs_p5a_38_filtered.pcd,../../files/feature_desc/20231121_fhtw_hallway_groundplane_tf_fpfh_4_PointNormal.pcd,../../files/feature_desc/20231121_fhtw_hallway_groundplane_tf_fpfh_4_fpfh33.pcd,fpfh_4,201.093732,51185.801144,9.654191,FAILED,none,none,none,5000000,0.930000,0.300000,0.960000
ChrisLegion,./15_fpfh_registration,09/11/24 18:26:43.896588391 UTC,../../files/feature_desc/20231121_fhtw_hallway_groundplane_tf_fpfh_4.pcd ../../files/20240416_fhtw_stairs_p5a_42_filtered.pcd -p fpfh_4 -log ,../../files/20240416_fhtw_stairs_p5a_42_filtered.pcd,../../files/feature_desc/20231121_fhtw_hallway_groundplane_tf_fpfh_4_PointNormal.pcd,../../files/feature_desc/20231121_fhtw_hallway_groundplane_tf_fpfh_4_fpfh33.pcd,fpfh_4,226.577561,80993.457540,12.956617,FAILED,none,none,none,5000000,0.930000,0.300000,0.960000
ChrisLegion,./15_fpfh_registration,09/11/24 18:26:37.309322500 UTC,../../files/feature_desc/20231121_fhtw_hallway_groundplane_tf_fpfh_4.pcd ../../files/20240416_fhtw_stairs_p5a_52_filtered.pcd -p fpfh_4 -log ,../../files/20240416_fhtw_stairs_p5a_52_filtered.pcd,../../files/feature_desc/20231121_fhtw_hallway_groundplane_tf_fpfh_4_PointNormal.pcd,../../files/feature_desc/20231121_fhtw_hallway_groundplane_tf_fpfh_4_fpfh33.pcd,fpfh_4,361.505778,95029.401989,12.603909,FAILED,none,none,none,5000000,0.930000,0.300000,0.960000
ChrisLegion,./15_fpfh_registration,09/11/24 18:26:02.557015940 UTC,../../files/feature_desc/20231121_fhtw_hallway_groundplane_tf_fpfh_4.pcd ../../files/20240416_fhtw_stairs_p5a_47_filtered.pcd -p fpfh_4 -log ,../../files/20240416_fhtw_stairs_p5a_47_filtered.pcd,../../files/feature_desc/20231121_fhtw_hallway_groundplane_tf_fpfh_4_PointNormal.pcd,../../files/feature_desc/20231121_fhtw_hallway_groundplane_tf_fpfh_4_fpfh33.pcd,fpfh_4,271.867288,143419.073751,14.622283,FAILED,none,none,none,5000000,0.930000,0.300000,0.960000
ChrisLegion,./15_fpfh_registration,09/11/24 18:25:41.755503694 UTC,../../files/feature_desc/20231121_fhtw_hallway_groundplane_tf_fpfh_4.pcd ../../files/20240416_fhtw_stairs_p5a_45_filtered.pcd -p fpfh_4 -log ,../../files/20240416_fhtw_stairs_p5a_45_filtered.pcd,../../files/feature_desc/20231121_fhtw_hallway_groundplane_tf_fpfh_4_PointNormal.pcd,../../files/feature_desc/20231121_fhtw_hallway_groundplane_tf_fpfh_4_fpfh33.pcd,fpfh_4,256.974270,165476.561430,16.020579,FAILED,none,none,none,5000000,0.930000,0.300000,0.960000
ChrisLegion,./15_fpfh_registration,09/11/24 18:26:44.466908080 UTC,../../files/feature_desc/20231121_fhtw_hallway_groundplane_tf_fpfh_4.pcd ../../files/20240416_fhtw_stairs_p5a_51_filtered.pcd -p fpfh_4 -log ,../../files/20240416_fhtw_stairs_p5a_51_filtered.pcd,../../files/feature_desc/20231121_fhtw_hallway_groundplane_tf_fpfh_4_PointNormal.pcd,../../files/feature_desc/20231121_fhtw_hallway_groundplane_tf_fpfh_4_fpfh33.pcd,fpfh_4,264.654731,109195.649936,13.160851,FAILED,none,none,none,5000000,0.930000,0.300000,0.960000
ChrisLegion,./15_fpfh_registration,09/11/24 18:27:16.827653843 UTC,../../files/feature_desc/20231121_fhtw_hallway_groundplane_tf_fpfh_4.pcd ../../files/20240416_fhtw_stairs_p5a_55_filtered.pcd -p fpfh_4 -log ,../../files/20240416_fhtw_stairs_p5a_55_filtered.pcd,../../files/feature_desc/20231121_fhtw_hallway_groundplane_tf_fpfh_4_PointNormal.pcd,../../files/feature_desc/20231121_fhtw_hallway_groundplane_tf_fpfh_4_fpfh33.pcd,fpfh_4,240.725637,93994.336192,16.348547,FAILED,none,none,none,5000000,0.930000,0.300000,0.960000
ChrisLegion,./15_fpfh_registration,09/11/24 18:26:31.397744025 UTC,../../files/feature_desc/20231121_fhtw_hallway_groundplane_tf_fpfh_4.pcd ../../files/20240416_fhtw_stairs_p5a_46_filtered.pcd -p fpfh_4 -log ,../../files/20240416_fhtw_stairs_p5a_46_filtered.pcd,../../files/feature_desc/20231121_fhtw_hallway_groundplane_tf_fpfh_4_PointNormal.pcd,../../files/feature_desc/20231121_fhtw_hallway_groundplane_tf_fpfh_4_fpfh33.pcd,fpfh_4,254.191906,143368.828839,15.125632,FAILED,none,none,none,5000000,0.930000,0.300000,0.960000
ChrisLegion,./15_fpfh_registration,09/11/24 18:26:04.897884295 UTC,../../files/feature_desc/20231121_fhtw_hallway_groundplane_tf_fpfh_4.pcd ../../files/20240416_fhtw_stairs_p5a_44_filtered.pcd -p fpfh_4 -log ,../../files/20240416_fhtw_stairs_p5a_44_filtered.pcd,../../files/feature_desc/20231121_fhtw_hallway_groundplane_tf_fpfh_4_PointNormal.pcd,../../files/feature_desc/20231121_fhtw_hallway_groundplane_tf_fpfh_4_fpfh33.pcd,fpfh_4,217.285364,188075.277784,14.521896,FAILED,none,none,none,5000000,0.930000,0.300000,0.960000
ChrisLegion,./15_fpfh_registration,09/11/24 18:27:37.34679690 UTC,../../files/feature_desc/20231121_fhtw_hallway_groundplane_tf_fpfh_4.pcd ../../files/20240416_fhtw_stairs_p5a_53_filtered.pcd -p fpfh_4 -log ,../../files/20240416_fhtw_stairs_p5a_53_filtered.pcd,../../files/feature_desc/20231121_fhtw_hallway_groundplane_tf_fpfh_4_PointNormal.pcd,../../files/feature_desc/20231121_fhtw_hallway_groundplane_tf_fpfh_4_fpfh33.pcd,fpfh_4,267.431093,102860.463592,14.046629,FAILED,none,none,none,5000000,0.930000,0.300000,0.960000
ChrisLegion,./15_fpfh_registration,09/11/24 18:27:40.191516440 UTC,../../files/feature_desc/20231121_fhtw_hallway_groundplane_tf_fpfh_4.pcd ../../files/20240416_fhtw_stairs_p5a_49_filtered.pcd -p fpfh_4 -log ,../../files/20240416_fhtw_stairs_p5a_49_filtered.pcd,../../files/feature_desc/20231121_fhtw_hallway_groundplane_tf_fpfh_4_PointNormal.pcd,../../files/feature_desc/20231121_fhtw_hallway_groundplane_tf_fpfh_4_fpfh33.pcd,fpfh_4,294.101265,105458.241704,15.149464,FAILED,none,none,none,5000000,0.930000,0.300000,0.960000
ChrisLegion,./15_fpfh_registration,09/11/24 18:27:55.517216823 UTC,../../files/feature_desc/20231121_fhtw_hallway_groundplane_tf_fpfh_4.pcd ../../files/20240416_fhtw_stairs_p5a_50_filtered.pcd -p fpfh_4 -log ,../../files/20240416_fhtw_stairs_p5a_50_filtered.pcd,../../files/feature_desc/20231121_fhtw_hallway_groundplane_tf_fpfh_4_PointNormal.pcd,../../files/feature_desc/20231121_fhtw_hallway_groundplane_tf_fpfh_4_fpfh33.pcd,fpfh_4,371.201918,102080.441344,15.256506,FAILED,none,none,none,5000000,0.930000,0.300000,0.960000
ChrisLegion,./15_fpfh_registration,09/11/24 18:28:07.334656363 UTC,../../files/feature_desc/20231121_fhtw_hallway_groundplane_tf_fpfh_4.pcd ../../files/20240416_fhtw_stairs_p5a_54_filtered.pcd -p fpfh_4 -log ,../../files/20240416_fhtw_stairs_p5a_54_filtered.pcd,../../files/feature_desc/20231121_fhtw_hallway_groundplane_tf_fpfh_4_PointNormal.pcd,../../files/feature_desc/20231121_fhtw_hallway_groundplane_tf_fpfh_4_fpfh33.pcd,fpfh_4,308.562454,96479.990308,15.490881,FAILED,none,none,none,5000000,0.930000,0.300000,0.960000
ChrisLegion,./15_fpfh_registration,09/11/24 18:28:28.449170470 UTC,../../files/feature_desc/20231121_fhtw_hallway_groundplane_tf_fpfh_4.pcd ../../files/20240416_fhtw_stairs_p5a_59_filtered.pcd -p fpfh_4 -log ,../../files/20240416_fhtw_stairs_p5a_59_filtered.pcd,../../files/feature_desc/20231121_fhtw_hallway_groundplane_tf_fpfh_4_PointNormal.pcd,../../files/feature_desc/20231121_fhtw_hallway_groundplane_tf_fpfh_4_fpfh33.pcd,fpfh_4,264.090809,82233.594228,17.893828,FAILED,none,none,none,5000000,0.930000,0.300000,0.960000
ChrisLegion,./15_fpfh_registration,09/11/24 18:28:29.672910736 UTC,../../files/feature_desc/20231121_fhtw_hallway_groundplane_tf_fpfh_4.pcd ../../files/20240416_fhtw_stairs_p5a_57_filtered.pcd -p fpfh_4 -log ,../../files/20240416_fhtw_stairs_p5a_57_filtered.pcd,../../files/feature_desc/20231121_fhtw_hallway_groundplane_tf_fpfh_4_PointNormal.pcd,../../files/feature_desc/20231121_fhtw_hallway_groundplane_tf_fpfh_4_fpfh33.pcd,fpfh_4,244.034608,92449.528457,16.982734,FAILED,none,none,none,5000000,0.930000,0.300000,0.960000
ChrisLegion,./15_fpfh_registration,09/11/24 18:27:34.953673283 UTC,../../files/feature_desc/20231121_fhtw_hallway_groundplane_tf_fpfh_4.pcd ../../files/20240416_fhtw_stairs_p5a_48_filtered.pcd -p fpfh_4 -log ,../../files/20240416_fhtw_stairs_p5a_48_filtered.pcd,../../files/feature_desc/20231121_fhtw_hallway_groundplane_tf_fpfh_4_PointNormal.pcd,../../files/feature_desc/20231121_fhtw_hallway_groundplane_tf_fpfh_4_fpfh33.pcd,fpfh_4,201.259052,148507.082860,14.274643,FAILED,none,none,none,5000000,0.930000,0.300000,0.960000
ChrisLegion,./15_fpfh_registration,09/11/24 18:28:53.227321479 UTC,../../files/feature_desc/20231121_fhtw_hallway_groundplane_tf_fpfh_4.pcd ../../files/20240416_fhtw_stairs_p5a_67_filtered.pcd -p fpfh_4 -log ,../../files/20240416_fhtw_stairs_p5a_67_filtered.pcd,../../files/feature_desc/20231121_fhtw_hallway_groundplane_tf_fpfh_4_PointNormal.pcd,../../files/feature_desc/20231121_fhtw_hallway_groundplane_tf_fpfh_4_fpfh33.pcd,fpfh_4,268.896872,76945.237972,11.503920,FAILED,none,none,none,5000000,0.930000,0.300000,0.960000
ChrisLegion,./15_fpfh_registration,09/11/24 18:28:57.170712541 UTC,../../files/feature_desc/20231121_fhtw_hallway_groundplane_tf_fpfh_4.pcd ../../files/20240416_fhtw_stairs_p5a_58_filtered.pcd -p fpfh_4 -log ,../../files/20240416_fhtw_stairs_p5a_58_filtered.pcd,../../files/feature_desc/20231121_fhtw_hallway_groundplane_tf_fpfh_4_PointNormal.pcd,../../files/feature_desc/20231121_fhtw_hallway_groundplane_tf_fpfh_4_fpfh33.pcd,fpfh_4,277.686626,84630.755569,16.899521,FAILED,none,none,none,5000000,0.930000,0.300000,0.960000
ChrisLegion,./15_fpfh_registration,09/11/24 18:28:14.860865574 UTC,../../files/feature_desc/20231121_fhtw_hallway_groundplane_tf_fpfh_4.pcd ../../files/20240416_fhtw_stairs_p5a_64_filtered.pcd -p fpfh_4 -log ,../../files/20240416_fhtw_stairs_p5a_64_filtered.pcd,../../files/feature_desc/20231121_fhtw_hallway_groundplane_tf_fpfh_4_PointNormal.pcd,../../files/feature_desc/20231121_fhtw_hallway_groundplane_tf_fpfh_4_fpfh33.pcd,fpfh_4,199.632194,141480.099174,18.265480,FAILED,none,none,none,5000000,0.930000,0.300000,0.960000
ChrisLegion,./15_fpfh_registration,09/11/24 18:28:36.84422649 UTC,../../files/feature_desc/20231121_fhtw_hallway_groundplane_tf_fpfh_4.pcd ../../files/20240416_fhtw_stairs_p5a_63_filtered.pcd -p fpfh_4 -log ,../../files/20240416_fhtw_stairs_p5a_63_filtered.pcd,../../files/feature_desc/20231121_fhtw_hallway_groundplane_tf_fpfh_4_PointNormal.pcd,../../files/feature_desc/20231121_fhtw_hallway_groundplane_tf_fpfh_4_fpfh33.pcd,fpfh_4,268.649380,125741.955606,17.918174,FAILED,none,none,none,5000000,0.930000,0.300000,0.960000
ChrisLegion,./15_fpfh_registration,09/11/24 18:29:15.442234623 UTC,../../files/feature_desc/20231121_fhtw_hallway_groundplane_tf_fpfh_4.pcd ../../files/20240416_fhtw_stairs_p5a_56_filtered.pcd -p fpfh_4 -log ,../../files/20240416_fhtw_stairs_p5a_56_filtered.pcd,../../files/feature_desc/20231121_fhtw_hallway_groundplane_tf_fpfh_4_PointNormal.pcd,../../files/feature_desc/20231121_fhtw_hallway_groundplane_tf_fpfh_4_fpfh33.pcd,fpfh_4,274.337541,101600.859290,15.932357,FAILED,none,none,none,5000000,0.930000,0.300000,0.960000
ChrisLegion,./15_fpfh_registration,09/11/24 18:29:53.154074611 UTC,../../files/feature_desc/20231121_fhtw_hallway_groundplane_tf_fpfh_4.pcd ../../files/20240416_fhtw_stairs_p5a_71_filtered.pcd -p fpfh_4 -log ,../../files/20240416_fhtw_stairs_p5a_71_filtered.pcd,../../files/feature_desc/20231121_fhtw_hallway_groundplane_tf_fpfh_4_PointNormal.pcd,../../files/feature_desc/20231121_fhtw_hallway_groundplane_tf_fpfh_4_fpfh33.pcd,fpfh_4,259.261017,64643.036288,9.240874,FAILED,none,none,none,5000000,0.930000,0.300000,0.960000
ChrisLegion,./15_fpfh_registration,09/11/24 18:30:04.541257655 UTC,../../files/feature_desc/20231121_fhtw_hallway_groundplane_tf_fpfh_4.pcd ../../files/20240416_fhtw_stairs_p5a_69_filtered.pcd -p fpfh_4 -log ,../../files/20240416_fhtw_stairs_p5a_69_filtered.pcd,../../files/feature_desc/20231121_fhtw_hallway_groundplane_tf_fpfh_4_PointNormal.pcd,../../files/feature_desc/20231121_fhtw_hallway_groundplane_tf_fpfh_4_fpfh33.pcd,fpfh_4,197.162631,74316.321634,13.008172,FAILED,none,none,none,5000000,0.930000,0.300000,0.960000
ChrisLegion,./15_fpfh_registration,09/11/24 18:29:28.116519483 UTC,../../files/feature_desc/20231121_fhtw_hallway_groundplane_tf_fpfh_4.pcd ../../files/20240416_fhtw_stairs_p5a_61_filtered.pcd -p fpfh_4 -log ,../../files/20240416_fhtw_stairs_p5a_61_filtered.pcd,../../files/feature_desc/20231121_fhtw_hallway_groundplane_tf_fpfh_4_PointNormal.pcd,../../files/feature_desc/20231121_fhtw_hallway_groundplane_tf_fpfh_4_fpfh33.pcd,fpfh_4,199.528283,123857.166602,18.751636,FAILED,none,none,none,5000000,0.930000,0.300000,0.960000
ChrisLegion,./15_fpfh_registration,09/11/24 18:29:40.139785741 UTC,../../files/feature_desc/20231121_fhtw_hallway_groundplane_tf_fpfh_4.pcd ../../files/20240416_fhtw_stairs_p5a_62_filtered.pcd -p fpfh_4 -log ,../../files/20240416_fhtw_stairs_p5a_62_filtered.pcd,../../files/feature_desc/20231121_fhtw_hallway_groundplane_tf_fpfh_4_PointNormal.pcd,../../files/feature_desc/20231121_fhtw_hallway_groundplane_tf_fpfh_4_fpfh33.pcd,fpfh_4,268.584555,112796.742803,18.017959,FAILED,none,none,none,5000000,0.930000,0.300000,0.960000
ChrisLegion,./15_fpfh_registration,09/11/24 18:29:22.342731481 UTC,../../files/feature_desc/20231121_fhtw_hallway_groundplane_tf_fpfh_4.pcd ../../files/20240416_fhtw_stairs_p5a_65_filtered.pcd -p fpfh_4 -log ,../../files/20240416_fhtw_stairs_p5a_65_filtered.pcd,../../files/feature_desc/20231121_fhtw_hallway_groundplane_tf_fpfh_4_PointNormal.pcd,../../files/feature_desc/20231121_fhtw_hallway_groundplane_tf_fpfh_4_fpfh33.pcd,fpfh_4,245.654808,133649.283380,16.441200,FAILED,none,none,none,5000000,0.930000,0.300000,0.960000
ChrisLegion,./15_fpfh_registration,09/11/24 18:29:44.285229868 UTC,../../files/feature_desc/20231121_fhtw_hallway_groundplane_tf_fpfh_4.pcd ../../files/20240416_fhtw_stairs_p5a_66_filtered.pcd -p fpfh_4 -log ,../../files/20240416_fhtw_stairs_p5a_66_filtered.pcd,../../files/feature_desc/20231121_fhtw_hallway_groundplane_tf_fpfh_4_PointNormal.pcd,../../files/feature_desc/20231121_fhtw_hallway_groundplane_tf_fpfh_4_fpfh33.pcd,fpfh_4,269.891637,112142.047770,14.344433,FAILED,none,none,none,5000000,0.930000,0.300000,0.960000
ChrisLegion,./15_fpfh_registration,09/11/24 18:30:05.810405079 UTC,../../files/feature_desc/20231121_fhtw_hallway_groundplane_tf_fpfh_4.pcd ../../files/20240416_fhtw_stairs_p5a_60_filtered.pcd -p fpfh_4 -log ,../../files/20240416_fhtw_stairs_p5a_60_filtered.pcd,../../files/feature_desc/20231121_fhtw_hallway_groundplane_tf_fpfh_4_PointNormal.pcd,../../files/feature_desc/20231121_fhtw_hallway_groundplane_tf_fpfh_4_fpfh33.pcd,fpfh_4,218.611081,91856.380134,18.882159,FAILED,none,none,none,5000000,0.930000,0.300000,0.960000
ChrisLegion,./15_fpfh_registration,09/11/24 18:30:24.226032374 UTC,../../files/feature_desc/20231121_fhtw_hallway_groundplane_tf_fpfh_4.pcd ../../files/20240416_fhtw_stairs_p5a_70_filtered.pcd -p fpfh_4 -log ,../../files/20240416_fhtw_stairs_p5a_70_filtered.pcd,../../files/feature_desc/20231121_fhtw_hallway_groundplane_tf_fpfh_4_PointNormal.pcd,../../files/feature_desc/20231121_fhtw_hallway_groundplane_tf_fpfh_4_fpfh33.pcd,fpfh_4,272.337169,84176.394852,11.603086,FAILED,none,none,none,5000000,0.930000,0.300000,0.960000
ChrisLegion,./15_fpfh_registration,09/11/24 18:30:38.679265792 UTC,../../files/feature_desc/20231121_fhtw_hallway_groundplane_tf_fpfh_4.pcd ../../files/20240416_fhtw_stairs_p5a_76_filtered.pcd -p fpfh_4 -log ,../../files/20240416_fhtw_stairs_p5a_76_filtered.pcd,../../files/feature_desc/20231121_fhtw_hallway_groundplane_tf_fpfh_4_PointNormal.pcd,../../files/feature_desc/20231121_fhtw_hallway_groundplane_tf_fpfh_4_fpfh33.pcd,fpfh_4,266.597927,70660.705218,8.991393,FAILED,none,none,none,5000000,0.930000,0.300000,0.960000
ChrisLegion,./15_fpfh_registration,09/11/24 18:30:44.250087471 UTC,../../files/feature_desc/20231121_fhtw_hallway_groundplane_tf_fpfh_4.pcd ../../files/20240416_fhtw_stairs_p5a_75_filtered.pcd -p fpfh_4 -log ,../../files/20240416_fhtw_stairs_p5a_75_filtered.pcd,../../files/feature_desc/20231121_fhtw_hallway_groundplane_tf_fpfh_4_PointNormal.pcd,../../files/feature_desc/20231121_fhtw_hallway_groundplane_tf_fpfh_4_fpfh33.pcd,fpfh_4,253.439953,66324.129401,8.723863,FAILED,none,none,none,5000000,0.930000,0.300000,0.960000
ChrisLegion,./15_fpfh_registration,09/11/24 18:30:12.608591363 UTC,../../files/feature_desc/20231121_fhtw_hallway_groundplane_tf_fpfh_4.pcd ../../files/20240416_fhtw_stairs_p5a_79_filtered.pcd -p fpfh_4 -log ,../../files/20240416_fhtw_stairs_p5a_79_filtered.pcd,../../files/feature_desc/20231121_fhtw_hallway_groundplane_tf_fpfh_4_PointNormal.pcd,../../files/feature_desc/20231121_fhtw_hallway_groundplane_tf_fpfh_4_fpfh33.pcd,fpfh_4,241.802710,125518.820352,13.522969,FAILED,none,none,none,5000000,0.930000,0.300000,0.960000
ChrisLegion,./15_fpfh_registration,09/11/24 18:31:34.338433481 UTC,../../files/feature_desc/20231121_fhtw_hallway_groundplane_tf_fpfh_4.pcd ../../files/20240416_fhtw_stairs_p5a_73_filtered.pcd -p fpfh_4 -log ,../../files/20240416_fhtw_stairs_p5a_73_filtered.pcd,../../files/feature_desc/20231121_fhtw_hallway_groundplane_tf_fpfh_4_PointNormal.pcd,../../files/feature_desc/20231121_fhtw_hallway_groundplane_tf_fpfh_4_fpfh33.pcd,fpfh_4,219.985507,49574.893926,9.342868,FAILED,none,none,none,5000000,0.930000,0.300000,0.960000
ChrisLegion,./15_fpfh_registration,09/11/24 18:30:59.459636286 UTC,../../files/feature_desc/20231121_fhtw_hallway_groundplane_tf_fpfh_4.pcd ../../files/20240416_fhtw_stairs_p5a_68_filtered.pcd -p fpfh_4 -log ,../../files/20240416_fhtw_stairs_p5a_68_filtered.pcd,../../files/feature_desc/20231121_fhtw_hallway_groundplane_tf_fpfh_4_PointNormal.pcd,../../files/feature_desc/20231121_fhtw_hallway_groundplane_tf_fpfh_4_fpfh33.pcd,fpfh_4,218.745003,84560.973423,12.053470,FAILED,none,none,none,5000000,0.930000,0.300000,0.960000
ChrisLegion,./15_fpfh_registration,09/11/24 18:31:35.365943456 UTC,../../files/feature_desc/20231121_fhtw_hallway_groundplane_tf_fpfh_4.pcd ../../files/20240416_fhtw_stairs_p5a_74_filtered.pcd -p fpfh_4 -log ,../../files/20240416_fhtw_stairs_p5a_74_filtered.pcd,../../files/feature_desc/20231121_fhtw_hallway_groundplane_tf_fpfh_4_PointNormal.pcd,../../files/feature_desc/20231121_fhtw_hallway_groundplane_tf_fpfh_4_fpfh33.pcd,fpfh_4,299.123784,53441.381880,8.630939,FAILED,none,none,none,5000000,0.930000,0.300000,0.960000
ChrisLegion,./15_fpfh_registration,09/11/24 18:31:40.62838998 UTC,../../files/feature_desc/20231121_fhtw_hallway_groundplane_tf_fpfh_4.pcd ../../files/20240416_fhtw_stairs_p5a_72_filtered.pcd -p fpfh_4 -log ,../../files/20240416_fhtw_stairs_p5a_72_filtered.pcd,../../files/feature_desc/20231121_fhtw_hallway_groundplane_tf_fpfh_4_PointNormal.pcd,../../files/feature_desc/20231121_fhtw_hallway_groundplane_tf_fpfh_4_fpfh33.pcd,fpfh_4,300.758032,51565.661307,8.241934,FAILED,none,none,none,5000000,0.930000,0.300000,0.960000
ChrisLegion,./15_fpfh_registration,09/11/24 18:31:00.211101680 UTC,../../files/feature_desc/20231121_fhtw_hallway_groundplane_tf_fpfh_4.pcd ../../files/20240416_fhtw_stairs_p5a_83_filtered.pcd -p fpfh_4 -log ,../../files/20240416_fhtw_stairs_p5a_83_filtered.pcd,../../files/feature_desc/20231121_fhtw_hallway_groundplane_tf_fpfh_4_PointNormal.pcd,../../files/feature_desc/20231121_fhtw_hallway_groundplane_tf_fpfh_4_fpfh33.pcd,fpfh_4,245.123500,105959.018032,17.304894,FAILED,none,none,none,5000000,0.930000,0.300000,0.960000
ChrisLegion,./15_fpfh_registration,09/11/24 18:31:38.495273746 UTC,../../files/feature_desc/20231121_fhtw_hallway_groundplane_tf_fpfh_4.pcd ../../files/20240416_fhtw_stairs_p5a_77_filtered.pcd -p fpfh_4 -log ,../../files/20240416_fhtw_stairs_p5a_77_filtered.pcd,../../files/feature_desc/20231121_fhtw_hallway_groundplane_tf_fpfh_4_PointNormal.pcd,../../files/feature_desc/20231121_fhtw_hallway_groundplane_tf_fpfh_4_fpfh33.pcd,fpfh_4,214.178903,69496.371311,9.249152,FAILED,none,none,none,5000000,0.930000,0.300000,0.960000
ChrisLegion,./15_fpfh_registration,09/11/24 18:31:38.944095370 UTC,../../files/feature_desc/20231121_fhtw_hallway_groundplane_tf_fpfh_4.pcd ../../files/20240416_fhtw_stairs_p5a_78_filtered.pcd -p fpfh_4 -log ,../../files/20240416_fhtw_stairs_p5a_78_filtered.pcd,../../files/feature_desc/20231121_fhtw_hallway_groundplane_tf_fpfh_4_PointNormal.pcd,../../files/feature_desc/20231121_fhtw_hallway_groundplane_tf_fpfh_4_fpfh33.pcd,fpfh_4,258.693428,87670.976741,10.379993,FAILED,none,none,none,5000000,0.930000,0.300000,0.960000
ChrisLegion,./15_fpfh_registration,09/11/24 18:31:21.197860642 UTC,../../files/feature_desc/20231121_fhtw_hallway_groundplane_tf_fpfh_4.pcd ../../files/20240416_fhtw_stairs_p5a_81_filtered.pcd -p fpfh_4 -log ,../../files/20240416_fhtw_stairs_p5a_81_filtered.pcd,../../files/feature_desc/20231121_fhtw_hallway_groundplane_tf_fpfh_4_PointNormal.pcd,../../files/feature_desc/20231121_fhtw_hallway_groundplane_tf_fpfh_4_fpfh33.pcd,fpfh_4,193.580252,122039.688763,16.353069,FAILED,none,none,none,5000000,0.930000,0.300000,0.960000
ChrisLegion,./15_fpfh_registration,09/11/24 18:31:50.816753657 UTC,../../files/feature_desc/20231121_fhtw_hallway_groundplane_tf_fpfh_4.pcd ../../files/20240416_fhtw_stairs_p5a_82_filtered.pcd -p fpfh_4 -log ,../../files/20240416_fhtw_stairs_p5a_82_filtered.pcd,../../files/feature_desc/20231121_fhtw_hallway_groundplane_tf_fpfh_4_PointNormal.pcd,../../files/feature_desc/20231121_fhtw_hallway_groundplane_tf_fpfh_4_fpfh33.pcd,fpfh_4,187.380119,108393.010400,16.765594,FAILED,none,none,none,5000000,0.930000,0.300000,0.960000
ChrisLegion,./15_fpfh_registration,09/11/24 18:32:48.598685754 UTC,../../files/feature_desc/20231121_fhtw_hallway_groundplane_tf_fpfh_4.pcd ../../files/20240416_fhtw_stairs_p5a_95_filtered.pcd -p fpfh_4 -log ,../../files/20240416_fhtw_stairs_p5a_95_filtered.pcd,../../files/feature_desc/20231121_fhtw_hallway_groundplane_tf_fpfh_4_PointNormal.pcd,../../files/feature_desc/20231121_fhtw_hallway_groundplane_tf_fpfh_4_fpfh33.pcd,fpfh_4,239.634342,60010.265590,8.535449,FAILED,none,none,none,5000000,0.930000,0.300000,0.960000
ChrisLegion,./15_fpfh_registration,09/11/24 18:32:26.448462205 UTC,../../files/feature_desc/20231121_fhtw_hallway_groundplane_tf_fpfh_4.pcd ../../files/20240416_fhtw_stairs_p5a_80_filtered.pcd -p fpfh_4 -log ,../../files/20240416_fhtw_stairs_p5a_80_filtered.pcd,../../files/feature_desc/20231121_fhtw_hallway_groundplane_tf_fpfh_4_PointNormal.pcd,../../files/feature_desc/20231121_fhtw_hallway_groundplane_tf_fpfh_4_fpfh33.pcd,fpfh_4,229.726033,92043.212856,14.734588,FAILED,none,none,none,5000000,0.930000,0.300000,0.960000
ChrisLegion,./15_fpfh_registration,09/11/24 18:33:51.20867799 UTC,../../files/feature_desc/20231121_fhtw_hallway_groundplane_tf_fpfh_4.pcd ../../files/20240416_fhtw_stairs_p5a_107_filtered.pcd -p fpfh_4 -log ,../../files/20240416_fhtw_stairs_p5a_107_filtered.pcd,../../files/feature_desc/20231121_fhtw_hallway_groundplane_tf_fpfh_4_PointNormal.pcd,../../files/feature_desc/20231121_fhtw_hallway_groundplane_tf_fpfh_4_fpfh33.pcd,fpfh_4,213.521183,18926.152731,0.034524,CONVERGED,0.030211,Inliers: 3751 / 3823 (98.116661 %),../../files/20240416_fhtw_stairs_p5a_107_filtered_tfmatrix.Affine3f,5000000,0.930000,0.300000,0.960000
ChrisLegion,./15_fpfh_registration,09/11/24 18:32:20.566259009 UTC,../../files/feature_desc/20231121_fhtw_hallway_groundplane_tf_fpfh_4.pcd ../../files/20240416_fhtw_stairs_p5a_91_filtered.pcd -p fpfh_4 -log ,../../files/20240416_fhtw_stairs_p5a_91_filtered.pcd,../../files/feature_desc/20231121_fhtw_hallway_groundplane_tf_fpfh_4_PointNormal.pcd,../../files/feature_desc/20231121_fhtw_hallway_groundplane_tf_fpfh_4_fpfh33.pcd,fpfh_4,249.111525,130574.077634,16.562296,FAILED,none,none,none,5000000,0.930000,0.300000,0.960000
ChrisLegion,./15_fpfh_registration,09/11/24 18:32:34.87346342 UTC,../../files/feature_desc/20231121_fhtw_hallway_groundplane_tf_fpfh_4.pcd ../../files/20240416_fhtw_stairs_p5a_84_filtered.pcd -p fpfh_4 -log ,../../files/20240416_fhtw_stairs_p5a_84_filtered.pcd,../../files/feature_desc/20231121_fhtw_hallway_groundplane_tf_fpfh_4_PointNormal.pcd,../../files/feature_desc/20231121_fhtw_hallway_groundplane_tf_fpfh_4_fpfh33.pcd,fpfh_4,198.896465,127996.419504,18.677061,FAILED,none,none,none,5000000,0.930000,0.300000,0.960000
ChrisLegion,./15_fpfh_registration,09/11/24 18:31:51.756571197 UTC,../../files/feature_desc/20231121_fhtw_hallway_groundplane_tf_fpfh_4.pcd ../../files/20240416_fhtw_stairs_p5a_88_filtered.pcd -p fpfh_4 -log ,../../files/20240416_fhtw_stairs_p5a_88_filtered.pcd,../../files/feature_desc/20231121_fhtw_hallway_groundplane_tf_fpfh_4_PointNormal.pcd,../../files/feature_desc/20231121_fhtw_hallway_groundplane_tf_fpfh_4_fpfh33.pcd,fpfh_4,251.813982,178113.791748,20.163336,FAILED,none,none,none,5000000,0.930000,0.300000,0.960000
ChrisLegion,./15_fpfh_registration,09/11/24 18:32:26.289583504 UTC,../../files/feature_desc/20231121_fhtw_hallway_groundplane_tf_fpfh_4.pcd ../../files/20240416_fhtw_stairs_p5a_85_filtered.pcd -p fpfh_4 -log ,../../files/20240416_fhtw_stairs_p5a_85_filtered.pcd,../../files/feature_desc/20231121_fhtw_hallway_groundplane_tf_fpfh_4_PointNormal.pcd,../../files/feature_desc/20231121_fhtw_hallway_groundplane_tf_fpfh_4_fpfh33.pcd,fpfh_4,265.105385,145831.019358,18.122402,FAILED,none,none,none,5000000,0.930000,0.300000,0.960000
ChrisLegion,./15_fpfh_registration,09/11/24 18:33:41.527682675 UTC,../../files/feature_desc/20231121_fhtw_hallway_groundplane_tf_fpfh_4.pcd ../../files/20240416_fhtw_stairs_p5a_94_filtered.pcd -p fpfh_4 -log ,../../files/20240416_fhtw_stairs_p5a_94_filtered.pcd,../../files/feature_desc/20231121_fhtw_hallway_groundplane_tf_fpfh_4_PointNormal.pcd,../../files/feature_desc/20231121_fhtw_hallway_groundplane_tf_fpfh_4_fpfh33.pcd,fpfh_4,238.790540,77116.670186,11.173595,FAILED,none,none,none,5000000,0.930000,0.300000,0.960000
ChrisLegion,./15_fpfh_registration,09/11/24 18:33:25.570394015 UTC,../../files/feature_desc/20231121_fhtw_hallway_groundplane_tf_fpfh_4.pcd ../../files/20240416_fhtw_stairs_p5a_93_filtered.pcd -p fpfh_4 -log ,../../files/20240416_fhtw_stairs_p5a_93_filtered.pcd,../../files/feature_desc/20231121_fhtw_hallway_groundplane_tf_fpfh_4_PointNormal.pcd,../../files/feature_desc/20231121_fhtw_hallway_groundplane_tf_fpfh_4_fpfh33.pcd,fpfh_4,297.259985,94768.796353,15.090146,FAILED,none,none,none,5000000,0.930000,0.300000,0.960000
ChrisLegion,./15_fpfh_registration,09/11/24 18:32:31.262856360 UTC,../../files/feature_desc/20231121_fhtw_hallway_groundplane_tf_fpfh_4.pcd ../../files/20240416_fhtw_stairs_p5a_86_filtered.pcd -p fpfh_4 -log ,../../files/20240416_fhtw_stairs_p5a_86_filtered.pcd,../../files/feature_desc/20231121_fhtw_hallway_groundplane_tf_fpfh_4_PointNormal.pcd,../../files/feature_desc/20231121_fhtw_hallway_groundplane_tf_fpfh_4_fpfh33.pcd,fpfh_4,288.186248,150467.734680,19.263990,FAILED,none,none,none,5000000,0.930000,0.300000,0.960000
ChrisLegion,./15_fpfh_registration,09/11/24 18:34:33.558008161 UTC,../../files/feature_desc/20231121_fhtw_hallway_groundplane_tf_fpfh_4.pcd ../../files/20240416_fhtw_stairs_p5a_103_filtered.pcd -p fpfh_4 -log ,../../files/20240416_fhtw_stairs_p5a_103_filtered.pcd,../../files/feature_desc/20231121_fhtw_hallway_groundplane_tf_fpfh_4_PointNormal.pcd,../../files/feature_desc/20231121_fhtw_hallway_groundplane_tf_fpfh_4_fpfh33.pcd,fpfh_4,262.648353,29793.241664,4.446032,FAILED,none,none,none,5000000,0.930000,0.300000,0.960000
ChrisLegion,./15_fpfh_registration,09/11/24 18:35:01.29672341 UTC,../../files/feature_desc/20231121_fhtw_hallway_groundplane_tf_fpfh_4.pcd ../../files/20240416_fhtw_stairs_p5a_106_filtered.pcd -p fpfh_4 -log ,../../files/20240416_fhtw_stairs_p5a_106_filtered.pcd,../../files/feature_desc/20231121_fhtw_hallway_groundplane_tf_fpfh_4_PointNormal.pcd,../../files/feature_desc/20231121_fhtw_hallway_groundplane_tf_fpfh_4_fpfh33.pcd,fpfh_4,223.860404,19129.040733,2.907131,FAILED,none,none,none,5000000,0.930000,0.300000,0.960000
ChrisLegion,./15_fpfh_registration,09/11/24 18:33:09.38485813 UTC,../../files/feature_desc/20231121_fhtw_hallway_groundplane_tf_fpfh_4.pcd ../../files/20240416_fhtw_stairs_p5a_90_filtered.pcd -p fpfh_4 -log ,../../files/20240416_fhtw_stairs_p5a_90_filtered.pcd,../../files/feature_desc/20231121_fhtw_hallway_groundplane_tf_fpfh_4_PointNormal.pcd,../../files/feature_desc/20231121_fhtw_hallway_groundplane_tf_fpfh_4_fpfh33.pcd,fpfh_4,216.714324,135980.810828,16.568492,FAILED,none,none,none,5000000,0.930000,0.300000,0.960000
ChrisLegion,./15_fpfh_registration,09/11/24 18:35:02.771821267 UTC,../../files/feature_desc/20231121_fhtw_hallway_groundplane_tf_fpfh_4.pcd ../../files/20240416_fhtw_stairs_p5a_105_filtered.pcd -p fpfh_4 -log ,../../files/20240416_fhtw_stairs_p5a_105_filtered.pcd,../../files/feature_desc/20231121_fhtw_hallway_groundplane_tf_fpfh_4_PointNormal.pcd,../../files/feature_desc/20231121_fhtw_hallway_groundplane_tf_fpfh_4_fpfh33.pcd,fpfh_4,207.475013,24157.307060,3.679737,FAILED,none,none,none,5000000,0.930000,0.300000,0.960000
ChrisLegion,./15_fpfh_registration,09/11/24 18:31:53.96416189 UTC,../../files/feature_desc/20231121_fhtw_hallway_groundplane_tf_fpfh_4.pcd ../../files/20240416_fhtw_stairs_p5a_87_filtered.pcd -p fpfh_4 -log ,../../files/20240416_fhtw_stairs_p5a_87_filtered.pcd,../../files/feature_desc/20231121_fhtw_hallway_groundplane_tf_fpfh_4_PointNormal.pcd,../../files/feature_desc/20231121_fhtw_hallway_groundplane_tf_fpfh_4_fpfh33.pcd,fpfh_4,278.940689,218952.168170,21.961386,FAILED,none,none,none,5000000,0.930000,0.300000,0.960000
ChrisLegion,./15_fpfh_registration,09/11/24 18:32:50.414207623 UTC,../../files/feature_desc/20231121_fhtw_hallway_groundplane_tf_fpfh_4.pcd ../../files/20240416_fhtw_stairs_p5a_89_filtered.pcd -p fpfh_4 -log ,../../files/20240416_fhtw_stairs_p5a_89_filtered.pcd,../../files/feature_desc/20231121_fhtw_hallway_groundplane_tf_fpfh_4_PointNormal.pcd,../../files/feature_desc/20231121_fhtw_hallway_groundplane_tf_fpfh_4_fpfh33.pcd,fpfh_4,247.798956,165387.684652,18.482628,FAILED,none,none,none,5000000,0.930000,0.300000,0.960000
ChrisLegion,./15_fpfh_registration,09/11/24 18:34:44.432390311 UTC,../../files/feature_desc/20231121_fhtw_hallway_groundplane_tf_fpfh_4.pcd ../../files/20240416_fhtw_stairs_p5a_96_filtered.pcd -p fpfh_4 -log ,../../files/20240416_fhtw_stairs_p5a_96_filtered.pcd,../../files/feature_desc/20231121_fhtw_hallway_groundplane_tf_fpfh_4_PointNormal.pcd,../../files/feature_desc/20231121_fhtw_hallway_groundplane_tf_fpfh_4_fpfh33.pcd,fpfh_4,226.424166,52399.413088,7.595072,FAILED,none,none,none,5000000,0.930000,0.300000,0.960000
ChrisLegion,./15_fpfh_registration,09/11/24 18:34:54.674922281 UTC,../../files/feature_desc/20231121_fhtw_hallway_groundplane_tf_fpfh_4.pcd ../../files/20240416_fhtw_stairs_p5a_97_filtered.pcd -p fpfh_4 -log ,../../files/20240416_fhtw_stairs_p5a_97_filtered.pcd,../../files/feature_desc/20231121_fhtw_hallway_groundplane_tf_fpfh_4_PointNormal.pcd,../../files/feature_desc/20231121_fhtw_hallway_groundplane_tf_fpfh_4_fpfh33.pcd,fpfh_4,303.500007,46220.656528,6.673224,FAILED,none,none,none,5000000,0.930000,0.300000,0.960000
ChrisLegion,./15_fpfh_registration,09/11/24 18:35:39.205788093 UTC,../../files/feature_desc/20231121_fhtw_hallway_groundplane_tf_fpfh_4.pcd ../../files/20240416_fhtw_stairs_p5a_108_filtered.pcd -p fpfh_4 -log ,../../files/20240416_fhtw_stairs_p5a_108_filtered.pcd,../../files/feature_desc/20231121_fhtw_hallway_groundplane_tf_fpfh_4_PointNormal.pcd,../../files/feature_desc/20231121_fhtw_hallway_groundplane_tf_fpfh_4_fpfh33.pcd,fpfh_4,232.579300,16526.328586,2.650191,FAILED,none,none,none,5000000,0.930000,0.300000,0.960000
ChrisLegion,./15_fpfh_registration,09/11/24 18:35:04.182323101 UTC,../../files/feature_desc/20231121_fhtw_hallway_groundplane_tf_fpfh_4.pcd ../../files/20240416_fhtw_stairs_p5a_98_filtered.pcd -p fpfh_4 -log ,../../files/20240416_fhtw_stairs_p5a_98_filtered.pcd,../../files/feature_desc/20231121_fhtw_hallway_groundplane_tf_fpfh_4_PointNormal.pcd,../../files/feature_desc/20231121_fhtw_hallway_groundplane_tf_fpfh_4_fpfh33.pcd,fpfh_4,201.926183,51602.887994,6.780048,FAILED,none,none,none,5000000,0.930000,0.300000,0.960000
ChrisLegion,./15_fpfh_registration,09/11/24 18:34:52.292194117 UTC,../../files/feature_desc/20231121_fhtw_hallway_groundplane_tf_fpfh_4.pcd ../../files/20240416_fhtw_stairs_p5a_100_filtered.pcd -p fpfh_4 -log ,../../files/20240416_fhtw_stairs_p5a_100_filtered.pcd,../../files/feature_desc/20231121_fhtw_hallway_groundplane_tf_fpfh_4_PointNormal.pcd,../../files/feature_desc/20231121_fhtw_hallway_groundplane_tf_fpfh_4_fpfh33.pcd,fpfh_4,236.509705,66181.797721,10.730345,FAILED,none,none,none,5000000,0.930000,0.300000,0.960000
ChrisLegion,./15_fpfh_registration,09/11/24 18:35:05.795497341 UTC,../../files/feature_desc/20231121_fhtw_hallway_groundplane_tf_fpfh_4.pcd ../../files/20240416_fhtw_stairs_p5a_115_filtered.pcd -p fpfh_4 -log ,../../files/20240416_fhtw_stairs_p5a_115_filtered.pcd,../../files/feature_desc/20231121_fhtw_hallway_groundplane_tf_fpfh_4_PointNormal.pcd,../../files/feature_desc/20231121_fhtw_hallway_groundplane_tf_fpfh_4_fpfh33.pcd,fpfh_4,253.060033,53054.245288,14.826668,FAILED,none,none,none,5000000,0.930000,0.300000,0.960000
ChrisLegion,./15_fpfh_registration,09/11/24 18:34:00.860900604 UTC,../../files/feature_desc/20231121_fhtw_hallway_groundplane_tf_fpfh_4.pcd ../../files/20240416_fhtw_stairs_p5a_92_filtered.pcd -p fpfh_4 -log ,../../files/20240416_fhtw_stairs_p5a_92_filtered.pcd,../../files/feature_desc/20231121_fhtw_hallway_groundplane_tf_fpfh_4_PointNormal.pcd,../../files/feature_desc/20231121_fhtw_hallway_groundplane_tf_fpfh_4_fpfh33.pcd,fpfh_4,247.525477,118014.286948,16.428985,FAILED,none,none,none,5000000,0.930000,0.300000,0.960000
ChrisLegion,./15_fpfh_registration,09/11/24 18:35:43.389841261 UTC,../../files/feature_desc/20231121_fhtw_hallway_groundplane_tf_fpfh_4.pcd ../../files/20240416_fhtw_stairs_p5a_109_filtered.pcd -p fpfh_4 -log ,../../files/20240416_fhtw_stairs_p5a_109_filtered.pcd,../../files/feature_desc/20231121_fhtw_hallway_groundplane_tf_fpfh_4_PointNormal.pcd,../../files/feature_desc/20231121_fhtw_hallway_groundplane_tf_fpfh_4_fpfh33.pcd,fpfh_4,284.086328,22076.712929,5.289855,FAILED,none,none,none,5000000,0.930000,0.300000,0.960000
ChrisLegion,./15_fpfh_registration,09/11/24 18:35:27.374273284 UTC,../../files/feature_desc/20231121_fhtw_hallway_groundplane_tf_fpfh_4.pcd ../../files/20240416_fhtw_stairs_p5a_102_filtered.pcd -p fpfh_4 -log ,../../files/20240416_fhtw_stairs_p5a_102_filtered.pcd,../../files/feature_desc/20231121_fhtw_hallway_groundplane_tf_fpfh_4_PointNormal.pcd,../../files/feature_desc/20231121_fhtw_hallway_groundplane_tf_fpfh_4_fpfh33.pcd,fpfh_4,186.975014,41841.090759,6.484911,FAILED,none,none,none,5000000,0.930000,0.300000,0.960000
ChrisLegion,./15_fpfh_registration,09/11/24 18:36:01.287252825 UTC,../../files/feature_desc/20231121_fhtw_hallway_groundplane_tf_fpfh_4.pcd ../../files/20240416_fhtw_stairs_p5a_104_filtered.pcd -p fpfh_4 -log ,../../files/20240416_fhtw_stairs_p5a_104_filtered.pcd,../../files/feature_desc/20231121_fhtw_hallway_groundplane_tf_fpfh_4_PointNormal.pcd,../../files/feature_desc/20231121_fhtw_hallway_groundplane_tf_fpfh_4_fpfh33.pcd,fpfh_4,239.654588,27804.668603,3.931804,FAILED,none,none,none,5000000,0.930000,0.300000,0.960000
ChrisLegion,./15_fpfh_registration,09/11/24 18:34:12.343458562 UTC,../../files/feature_desc/20231121_fhtw_hallway_groundplane_tf_fpfh_4.pcd ../../files/20240416_fhtw_stairs_p5a_119_filtered.pcd -p fpfh_4 -log ,../../files/20240416_fhtw_stairs_p5a_119_filtered.pcd,../../files/feature_desc/20231121_fhtw_hallway_groundplane_tf_fpfh_4_PointNormal.pcd,../../files/feature_desc/20231121_fhtw_hallway_groundplane_tf_fpfh_4_fpfh33.pcd,fpfh_4,234.927544,139206.448662,17.062433,FAILED,none,none,none,5000000,0.930000,0.300000,0.960000
ChrisLegion,./15_fpfh_registration,09/11/24 18:35:58.127865309 UTC,../../files/feature_desc/20231121_fhtw_hallway_groundplane_tf_fpfh_4.pcd ../../files/20240416_fhtw_stairs_p5a_110_filtered.pcd -p fpfh_4 -log ,../../files/20240416_fhtw_stairs_p5a_110_filtered.pcd,../../files/feature_desc/20231121_fhtw_hallway_groundplane_tf_fpfh_4_PointNormal.pcd,../../files/feature_desc/20231121_fhtw_hallway_groundplane_tf_fpfh_4_fpfh33.pcd,fpfh_4,235.359179,34804.303693,9.260440,FAILED,none,none,none,5000000,0.930000,0.300000,0.960000
ChrisLegion,./15_fpfh_registration,09/11/24 18:35:34.505532680 UTC,../../files/feature_desc/20231121_fhtw_hallway_groundplane_tf_fpfh_4.pcd ../../files/20240416_fhtw_stairs_p5a_99_filtered.pcd -p fpfh_4 -log ,../../files/20240416_fhtw_stairs_p5a_99_filtered.pcd,../../files/feature_desc/20231121_fhtw_hallway_groundplane_tf_fpfh_4_PointNormal.pcd,../../files/feature_desc/20231121_fhtw_hallway_groundplane_tf_fpfh_4_fpfh33.pcd,fpfh_4,212.874242,58568.176811,9.359162,FAILED,none,none,none,5000000,0.930000,0.300000,0.960000
ChrisLegion,./15_fpfh_registration,09/11/24 18:35:58.913294273 UTC,../../files/feature_desc/20231121_fhtw_hallway_groundplane_tf_fpfh_4.pcd ../../files/20240416_fhtw_stairs_p5a_112_filtered.pcd -p fpfh_4 -log ,../../files/20240416_fhtw_stairs_p5a_112_filtered.pcd,../../files/feature_desc/20231121_fhtw_hallway_groundplane_tf_fpfh_4_PointNormal.pcd,../../files/feature_desc/20231121_fhtw_hallway_groundplane_tf_fpfh_4_fpfh33.pcd,fpfh_4,224.644463,40517.735311,11.798741,FAILED,none,none,none,5000000,0.930000,0.300000,0.960000
ChrisLegion,./15_fpfh_registration,09/11/24 18:35:38.197297818 UTC,../../files/feature_desc/20231121_fhtw_hallway_groundplane_tf_fpfh_4.pcd ../../files/20240416_fhtw_stairs_p5a_101_filtered.pcd -p fpfh_4 -log ,../../files/20240416_fhtw_stairs_p5a_101_filtered.pcd,../../files/feature_desc/20231121_fhtw_hallway_groundplane_tf_fpfh_4_PointNormal.pcd,../../files/feature_desc/20231121_fhtw_hallway_groundplane_tf_fpfh_4_fpfh33.pcd,fpfh_4,248.698184,64790.551442,10.372571,FAILED,none,none,none,5000000,0.930000,0.300000,0.960000
ChrisLegion,./15_fpfh_registration,09/11/24 18:36:11.644097963 UTC,../../files/feature_desc/20231121_fhtw_hallway_groundplane_tf_fpfh_4.pcd ../../files/20240416_fhtw_stairs_p5a_114_filtered.pcd -p fpfh_4 -log ,../../files/20240416_fhtw_stairs_p5a_114_filtered.pcd,../../files/feature_desc/20231121_fhtw_hallway_groundplane_tf_fpfh_4_PointNormal.pcd,../../files/feature_desc/20231121_fhtw_hallway_groundplane_tf_fpfh_4_fpfh33.pcd,fpfh_4,231.054621,58719.242756,14.432211,FAILED,none,none,none,5000000,0.930000,0.300000,0.960000
ChrisLegion,./15_fpfh_registration,09/11/24 18:36:35.488421688 UTC,../../files/feature_desc/20231121_fhtw_hallway_groundplane_tf_fpfh_4.pcd ../../files/20240416_fhtw_stairs_p5a_111_filtered.pcd -p fpfh_4 -log ,../../files/20240416_fhtw_stairs_p5a_111_filtered.pcd,../../files/feature_desc/20231121_fhtw_hallway_groundplane_tf_fpfh_4_PointNormal.pcd,../../files/feature_desc/20231121_fhtw_hallway_groundplane_tf_fpfh_4_fpfh33.pcd,fpfh_4,249.224148,37623.999595,11.321974,FAILED,none,none,none,5000000,0.930000,0.300000,0.960000
ChrisLegion,./15_fpfh_registration,09/11/24 18:36:01.292217514 UTC,../../files/feature_desc/20231121_fhtw_hallway_groundplane_tf_fpfh_4.pcd ../../files/20240416_fhtw_stairs_p5a_127_filtered.pcd -p fpfh_4 -log ,../../files/20240416_fhtw_stairs_p5a_127_filtered.pcd,../../files/feature_desc/20231121_fhtw_hallway_groundplane_tf_fpfh_4_PointNormal.pcd,../../files/feature_desc/20231121_fhtw_hallway_groundplane_tf_fpfh_4_fpfh33.pcd,fpfh_4,341.201221,72907.595638,10.178804,FAILED,none,none,none,5000000,0.930000,0.300000,0.960000
ChrisLegion,./15_fpfh_registration,09/11/24 18:35:29.270443134 UTC,../../files/feature_desc/20231121_fhtw_hallway_groundplane_tf_fpfh_4.pcd ../../files/20240416_fhtw_stairs_p5a_117_filtered.pcd -p fpfh_4 -log ,../../files/20240416_fhtw_stairs_p5a_117_filtered.pcd,../../files/feature_desc/20231121_fhtw_hallway_groundplane_tf_fpfh_4_PointNormal.pcd,../../files/feature_desc/20231121_fhtw_hallway_groundplane_tf_fpfh_4_fpfh33.pcd,fpfh_4,221.537026,112671.296320,15.584503,FAILED,none,none,none,5000000,0.930000,0.300000,0.960000
ChrisLegion,./15_fpfh_registration,09/11/24 18:35:22.511964795 UTC,../../files/feature_desc/20231121_fhtw_hallway_groundplane_tf_fpfh_4.pcd ../../files/20240416_fhtw_stairs_p5a_118_filtered.pcd -p fpfh_4 -log ,../../files/20240416_fhtw_stairs_p5a_118_filtered.pcd,../../files/feature_desc/20231121_fhtw_hallway_groundplane_tf_fpfh_4_PointNormal.pcd,../../files/feature_desc/20231121_fhtw_hallway_groundplane_tf_fpfh_4_fpfh33.pcd,fpfh_4,196.421222,122880.808652,15.588861,FAILED,none,none,none,5000000,0.930000,0.300000,0.960000
ChrisLegion,./15_fpfh_registration,09/11/24 18:36:45.381172630 UTC,../../files/feature_desc/20231121_fhtw_hallway_groundplane_tf_fpfh_4.pcd ../../files/20240416_fhtw_stairs_p5a_113_filtered.pcd -p fpfh_4 -log ,../../files/20240416_fhtw_stairs_p5a_113_filtered.pcd,../../files/feature_desc/20231121_fhtw_hallway_groundplane_tf_fpfh_4_PointNormal.pcd,../../files/feature_desc/20231121_fhtw_hallway_groundplane_tf_fpfh_4_fpfh33.pcd,fpfh_4,214.634865,41039.285945,12.803167,FAILED,none,none,none,5000000,0.930000,0.300000,0.960000
ChrisLegion,./15_fpfh_registration,09/11/24 18:36:33.941411725 UTC,../../files/feature_desc/20231121_fhtw_hallway_groundplane_tf_fpfh_4.pcd ../../files/20240416_fhtw_stairs_p5a_131_filtered.pcd -p fpfh_4 -log ,../../files/20240416_fhtw_stairs_p5a_131_filtered.pcd,../../files/feature_desc/20231121_fhtw_hallway_groundplane_tf_fpfh_4_PointNormal.pcd,../../files/feature_desc/20231121_fhtw_hallway_groundplane_tf_fpfh_4_fpfh33.pcd,fpfh_4,178.103243,68240.288851,10.643339,FAILED,none,none,none,5000000,0.930000,0.300000,0.960000
ChrisLegion,./15_fpfh_registration,09/11/24 18:36:35.306813993 UTC,../../files/feature_desc/20231121_fhtw_hallway_groundplane_tf_fpfh_4.pcd ../../files/20240416_fhtw_stairs_p5a_122_filtered.pcd -p fpfh_4 -log ,../../files/20240416_fhtw_stairs_p5a_122_filtered.pcd,../../files/feature_desc/20231121_fhtw_hallway_groundplane_tf_fpfh_4_PointNormal.pcd,../../files/feature_desc/20231121_fhtw_hallway_groundplane_tf_fpfh_4_fpfh33.pcd,fpfh_4,211.577302,77802.762785,13.227004,FAILED,none,none,none,5000000,0.930000,0.300000,0.960000
ChrisLegion,./15_fpfh_registration,09/11/24 18:36:31.496643207 UTC,../../files/feature_desc/20231121_fhtw_hallway_groundplane_tf_fpfh_4.pcd ../../files/20240416_fhtw_stairs_p5a_116_filtered.pcd -p fpfh_4 -log ,../../files/20240416_fhtw_stairs_p5a_116_filtered.pcd,../../files/feature_desc/20231121_fhtw_hallway_groundplane_tf_fpfh_4_PointNormal.pcd,../../files/feature_desc/20231121_fhtw_hallway_groundplane_tf_fpfh_4_fpfh33.pcd,fpfh_4,256.891802,83724.826849,15.247266,FAILED,none,none,none,5000000,0.930000,0.300000,0.960000
ChrisLegion,./15_fpfh_registration,09/11/24 18:35:58.146782584 UTC,../../files/feature_desc/20231121_fhtw_hallway_groundplane_tf_fpfh_4.pcd ../../files/20240416_fhtw_stairs_p5a_120_filtered.pcd -p fpfh_4 -log ,../../files/20240416_fhtw_stairs_p5a_120_filtered.pcd,../../files/feature_desc/20231121_fhtw_hallway_groundplane_tf_fpfh_4_PointNormal.pcd,../../files/feature_desc/20231121_fhtw_hallway_groundplane_tf_fpfh_4_fpfh33.pcd,fpfh_4,328.752111,117968.732964,16.118898,FAILED,none,none,none,5000000,0.930000,0.300000,0.960000
ChrisLegion,./15_fpfh_registration,09/11/24 18:36:07.898658736 UTC,../../files/feature_desc/20231121_fhtw_hallway_groundplane_tf_fpfh_4.pcd ../../files/20240416_fhtw_stairs_p5a_121_filtered.pcd -p fpfh_4 -log ,../../files/20240416_fhtw_stairs_p5a_121_filtered.pcd,../../files/feature_desc/20231121_fhtw_hallway_groundplane_tf_fpfh_4_PointNormal.pcd,../../files/feature_desc/20231121_fhtw_hallway_groundplane_tf_fpfh_4_fpfh33.pcd,fpfh_4,267.075869,129252.440933,15.220078,FAILED,none,none,none,5000000,0.930000,0.300000,0.960000
ChrisLegion,./15_fpfh_registration,09/11/24 18:36:41.791187179 UTC,../../files/feature_desc/20231121_fhtw_hallway_groundplane_tf_fpfh_4.pcd ../../files/20240416_fhtw_stairs_p5a_124_filtered.pcd -p fpfh_4 -log ,../../files/20240416_fhtw_stairs_p5a_124_filtered.pcd,../../files/feature_desc/20231121_fhtw_hallway_groundplane_tf_fpfh_4_PointNormal.pcd,../../files/feature_desc/20231121_fhtw_hallway_groundplane_tf_fpfh_4_fpfh33.pcd,fpfh_4,183.933444,106558.265586,12.707169,FAILED,none,none,none,5000000,0.930000,0.300000,0.960000
ChrisLegion,./15_fpfh_registration,09/11/24 18:37:24.311638219 UTC,../../files/feature_desc/20231121_fhtw_hallway_groundplane_tf_fpfh_4.pcd ../../files/20240416_fhtw_stairs_p5a_129_filtered.pcd -p fpfh_4 -log ,../../files/20240416_fhtw_stairs_p5a_129_filtered.pcd,../../files/feature_desc/20231121_fhtw_hallway_groundplane_tf_fpfh_4_PointNormal.pcd,../../files/feature_desc/20231121_fhtw_hallway_groundplane_tf_fpfh_4_fpfh33.pcd,fpfh_4,244.339068,65914.076599,10.084059,FAILED,none,none,none,5000000,0.930000,0.300000,0.960000
ChrisLegion,./15_fpfh_registration,09/11/24 18:37:16.683915433 UTC,../../files/feature_desc/20231121_fhtw_hallway_groundplane_tf_fpfh_4.pcd ../../files/20240416_fhtw_stairs_p5a_139_filtered.pcd -p fpfh_4 -log ,../../files/20240416_fhtw_stairs_p5a_139_filtered.pcd,../../files/feature_desc/20231121_fhtw_hallway_groundplane_tf_fpfh_4_PointNormal.pcd,../../files/feature_desc/20231121_fhtw_hallway_groundplane_tf_fpfh_4_fpfh33.pcd,fpfh_4,260.138610,88879.767149,13.806422,FAILED,none,none,none,5000000,0.930000,0.300000,0.960000
ChrisLegion,./15_fpfh_registration,09/11/24 18:37:27.740615185 UTC,../../files/feature_desc/20231121_fhtw_hallway_groundplane_tf_fpfh_4.pcd ../../files/20240416_fhtw_stairs_p5a_130_filtered.pcd -p fpfh_4 -log ,../../files/20240416_fhtw_stairs_p5a_130_filtered.pcd,../../files/feature_desc/20231121_fhtw_hallway_groundplane_tf_fpfh_4_PointNormal.pcd,../../files/feature_desc/20231121_fhtw_hallway_groundplane_tf_fpfh_4_fpfh33.pcd,fpfh_4,214.469133,79931.069536,11.513622,FAILED,none,none,none,5000000,0.930000,0.300000,0.960000
ChrisLegion,./15_fpfh_registration,09/11/24 18:37:12.739398913 UTC,../../files/feature_desc/20231121_fhtw_hallway_groundplane_tf_fpfh_4.pcd ../../files/20240416_fhtw_stairs_p5a_126_filtered.pcd -p fpfh_4 -log ,../../files/20240416_fhtw_stairs_p5a_126_filtered.pcd,../../files/feature_desc/20231121_fhtw_hallway_groundplane_tf_fpfh_4_PointNormal.pcd,../../files/feature_desc/20231121_fhtw_hallway_groundplane_tf_fpfh_4_fpfh33.pcd,fpfh_4,298.958944,96895.970684,11.000558,FAILED,none,none,none,5000000,0.930000,0.300000,0.960000
ChrisLegion,./15_fpfh_registration,09/11/24 18:37:15.540622184 UTC,../../files/feature_desc/20231121_fhtw_hallway_groundplane_tf_fpfh_4.pcd ../../files/20240416_fhtw_stairs_p5a_123_filtered.pcd -p fpfh_4 -log ,../../files/20240416_fhtw_stairs_p5a_123_filtered.pcd,../../files/feature_desc/20231121_fhtw_hallway_groundplane_tf_fpfh_4_PointNormal.pcd,../../files/feature_desc/20231121_fhtw_hallway_groundplane_tf_fpfh_4_fpfh33.pcd,fpfh_4,259.638759,96534.533853,13.670322,FAILED,none,none,none,5000000,0.930000,0.300000,0.960000
ChrisLegion,./15_fpfh_registration,09/11/24 18:37:28.786499964 UTC,../../files/feature_desc/20231121_fhtw_hallway_groundplane_tf_fpfh_4.pcd ../../files/20240416_fhtw_stairs_p5a_125_filtered.pcd -p fpfh_4 -log ,../../files/20240416_fhtw_stairs_p5a_125_filtered.pcd,../../files/feature_desc/20231121_fhtw_hallway_groundplane_tf_fpfh_4_PointNormal.pcd,../../files/feature_desc/20231121_fhtw_hallway_groundplane_tf_fpfh_4_fpfh33.pcd,fpfh_4,201.876033,87832.899482,11.342831,FAILED,none,none,none,5000000,0.930000,0.300000,0.960000
ChrisLegion,./15_fpfh_registration,09/11/24 18:37:55.654197694 UTC,../../files/feature_desc/20231121_fhtw_hallway_groundplane_tf_fpfh_4.pcd ../../files/20240416_fhtw_stairs_p5a_134_filtered.pcd -p fpfh_4 -log ,../../files/20240416_fhtw_stairs_p5a_134_filtered.pcd,../../files/feature_desc/20231121_fhtw_hallway_groundplane_tf_fpfh_4_PointNormal.pcd,../../files/feature_desc/20231121_fhtw_hallway_groundplane_tf_fpfh_4_fpfh33.pcd,fpfh_4,284.186503,65060.602633,11.708114,FAILED,none,none,none,5000000,0.930000,0.300000,0.960000
ChrisLegion,./15_fpfh_registration,09/11/24 18:37:44.555501475 UTC,../../files/feature_desc/20231121_fhtw_hallway_groundplane_tf_fpfh_4.pcd ../../files/20240416_fhtw_stairs_p5a_143_filtered.pcd -p fpfh_4 -log ,../../files/20240416_fhtw_stairs_p5a_143_filtered.pcd,../../files/feature_desc/20231121_fhtw_hallway_groundplane_tf_fpfh_4_PointNormal.pcd,../../files/feature_desc/20231121_fhtw_hallway_groundplane_tf_fpfh_4_fpfh33.pcd,fpfh_4,282.898815,82156.642546,13.046461,FAILED,none,none,none,5000000,0.930000,0.300000,0.960000
ChrisLegion,./15_fpfh_registration,09/11/24 18:37:57.645487676 UTC,../../files/feature_desc/20231121_fhtw_hallway_groundplane_tf_fpfh_4.pcd ../../files/20240416_fhtw_stairs_p5a_128_filtered.pcd -p fpfh_4 -log ,../../files/20240416_fhtw_stairs_p5a_128_filtered.pcd,../../files/feature_desc/20231121_fhtw_hallway_groundplane_tf_fpfh_4_PointNormal.pcd,../../files/feature_desc/20231121_fhtw_hallway_groundplane_tf_fpfh_4_fpfh33.pcd,fpfh_4,224.324172,69902.764329,10.718971,FAILED,none,none,none,5000000,0.930000,0.300000,0.960000
ChrisLegion,./15_fpfh_registration,09/11/24 18:37:58.593781404 UTC,../../files/feature_desc/20231121_fhtw_hallway_groundplane_tf_fpfh_4.pcd ../../files/20240416_fhtw_stairs_p5a_132_filtered.pcd -p fpfh_4 -log ,../../files/20240416_fhtw_stairs_p5a_132_filtered.pcd,../../files/feature_desc/20231121_fhtw_hallway_groundplane_tf_fpfh_4_PointNormal.pcd,../../files/feature_desc/20231121_fhtw_hallway_groundplane_tf_fpfh_4_fpfh33.pcd,fpfh_4,244.157623,91181.662902,11.035327,FAILED,none,none,none,5000000,0.930000,0.300000,0.960000
ChrisLegion,./15_fpfh_registration,09/11/24 18:38:32.607307857 UTC,../../files/feature_desc/20231121_fhtw_hallway_groundplane_tf_fpfh_4.pcd ../../files/20240416_fhtw_stairs_p5a_141_filtered.pcd -p fpfh_4 -log ,../../files/20240416_fhtw_stairs_p5a_141_filtered.pcd,../../files/feature_desc/20231121_fhtw_hallway_groundplane_tf_fpfh_4_PointNormal.pcd,../../files/feature_desc/20231121_fhtw_hallway_groundplane_tf_fpfh_4_fpfh33.pcd,fpfh_4,202.825513,72368.367295,12.752583,FAILED,none,none,none,5000000,0.930000,0.300000,0.960000
ChrisLegion,./15_fpfh_registration,09/11/24 18:38:19.614914101 UTC,../../files/feature_desc/20231121_fhtw_hallway_groundplane_tf_fpfh_4.pcd ../../files/20240416_fhtw_stairs_p5a_133_filtered.pcd -p fpfh_4 -log ,../../files/20240416_fhtw_stairs_p5a_133_filtered.pcd,../../files/feature_desc/20231121_fhtw_hallway_groundplane_tf_fpfh_4_PointNormal.pcd,../../files/feature_desc/20231121_fhtw_hallway_groundplane_tf_fpfh_4_fpfh33.pcd,fpfh_4,243.486826,89164.913175,10.593420,FAILED,none,none,none,5000000,0.930000,0.300000,0.960000
ChrisLegion,./15_fpfh_registration,09/11/24 18:38:30.777516353 UTC,../../files/feature_desc/20231121_fhtw_hallway_groundplane_tf_fpfh_4.pcd ../../files/20240416_fhtw_stairs_p5a_136_filtered.pcd -p fpfh_4 -log ,../../files/20240416_fhtw_stairs_p5a_136_filtered.pcd,../../files/feature_desc/20231121_fhtw_hallway_groundplane_tf_fpfh_4_PointNormal.pcd,../../files/feature_desc/20231121_fhtw_hallway_groundplane_tf_fpfh_4_fpfh33.pcd,fpfh_4,242.542822,79251.654027,13.240103,FAILED,none,none,none,5000000,0.930000,0.300000,0.960000
ChrisLegion,./15_fpfh_registration,09/11/24 18:39:09.138411948 UTC,../../files/feature_desc/20231121_fhtw_hallway_groundplane_tf_fpfh_4.pcd ../../files/20240416_fhtw_stairs_p5a_155_filtered.pcd -p fpfh_4 -log ,../../files/20240416_fhtw_stairs_p5a_155_filtered.pcd,../../files/feature_desc/20231121_fhtw_hallway_groundplane_tf_fpfh_4_PointNormal.pcd,../../files/feature_desc/20231121_fhtw_hallway_groundplane_tf_fpfh_4_fpfh33.pcd,fpfh_4,181.951128,42636.389823,10.299330,FAILED,none,none,none,5000000,0.930000,0.300000,0.960000
ChrisLegion,./15_fpfh_registration,09/11/24 18:38:54.491361267 UTC,../../files/feature_desc/20231121_fhtw_hallway_groundplane_tf_fpfh_4.pcd ../../files/20240416_fhtw_stairs_p5a_135_filtered.pcd -p fpfh_4 -log ,../../files/20240416_fhtw_stairs_p5a_135_filtered.pcd,../../files/feature_desc/20231121_fhtw_hallway_groundplane_tf_fpfh_4_PointNormal.pcd,../../files/feature_desc/20231121_fhtw_hallway_groundplane_tf_fpfh_4_fpfh33.pcd,fpfh_4,237.653381,60505.112359,11.893528,FAILED,none,none,none,5000000,0.930000,0.300000,0.960000
ChrisLegion,./15_fpfh_registration,09/11/24 18:38:50.195367493 UTC,../../files/feature_desc/20231121_fhtw_hallway_groundplane_tf_fpfh_4.pcd ../../files/20240416_fhtw_stairs_p5a_142_filtered.pcd -p fpfh_4 -log ,../../files/20240416_fhtw_stairs_p5a_142_filtered.pcd,../../files/feature_desc/20231121_fhtw_hallway_groundplane_tf_fpfh_4_PointNormal.pcd,../../files/feature_desc/20231121_fhtw_hallway_groundplane_tf_fpfh_4_fpfh33.pcd,fpfh_4,238.751868,77461.572362,12.996608,FAILED,none,none,none,5000000,0.930000,0.300000,0.960000
ChrisLegion,./15_fpfh_registration,09/11/24 18:38:47.965779625 UTC,../../files/feature_desc/20231121_fhtw_hallway_groundplane_tf_fpfh_4.pcd ../../files/20240416_fhtw_stairs_p5a_151_filtered.pcd -p fpfh_4 -log ,../../files/20240416_fhtw_stairs_p5a_151_filtered.pcd,../../files/feature_desc/20231121_fhtw_hallway_groundplane_tf_fpfh_4_PointNormal.pcd,../../files/feature_desc/20231121_fhtw_hallway_groundplane_tf_fpfh_4_fpfh33.pcd,fpfh_4,214.334642,81589.647127,12.161205,FAILED,none,none,none,5000000,0.930000,0.300000,0.960000
ChrisLegion,./15_fpfh_registration,09/11/24 18:38:52.78495442 UTC,../../files/feature_desc/20231121_fhtw_hallway_groundplane_tf_fpfh_4.pcd ../../files/20240416_fhtw_stairs_p5a_138_filtered.pcd -p fpfh_4 -log ,../../files/20240416_fhtw_stairs_p5a_138_filtered.pcd,../../files/feature_desc/20231121_fhtw_hallway_groundplane_tf_fpfh_4_PointNormal.pcd,../../files/feature_desc/20231121_fhtw_hallway_groundplane_tf_fpfh_4_fpfh33.pcd,fpfh_4,209.880398,77489.277837,12.957032,FAILED,none,none,none,5000000,0.930000,0.300000,0.960000
ChrisLegion,./15_fpfh_registration,09/11/24 18:38:58.961568579 UTC,../../files/feature_desc/20231121_fhtw_hallway_groundplane_tf_fpfh_4.pcd ../../files/20240416_fhtw_stairs_p5a_137_filtered.pcd -p fpfh_4 -log ,../../files/20240416_fhtw_stairs_p5a_137_filtered.pcd,../../files/feature_desc/20231121_fhtw_hallway_groundplane_tf_fpfh_4_PointNormal.pcd,../../files/feature_desc/20231121_fhtw_hallway_groundplane_tf_fpfh_4_fpfh33.pcd,fpfh_4,202.413345,81274.060315,12.932130,FAILED,none,none,none,5000000,0.930000,0.300000,0.960000
ChrisLegion,./15_fpfh_registration,09/11/24 18:39:32.160856442 UTC,../../files/feature_desc/20231121_fhtw_hallway_groundplane_tf_fpfh_4.pcd ../../files/20240416_fhtw_stairs_p5a_144_filtered.pcd -p fpfh_4 -log ,../../files/20240416_fhtw_stairs_p5a_144_filtered.pcd,../../files/feature_desc/20231121_fhtw_hallway_groundplane_tf_fpfh_4_PointNormal.pcd,../../files/feature_desc/20231121_fhtw_hallway_groundplane_tf_fpfh_4_fpfh33.pcd,fpfh_4,241.233962,73922.069010,12.857961,FAILED,none,none,none,5000000,0.930000,0.300000,0.960000
ChrisLegion,./15_fpfh_registration,09/11/24 18:39:47.317088829 UTC,../../files/feature_desc/20231121_fhtw_hallway_groundplane_tf_fpfh_4.pcd ../../files/20240416_fhtw_stairs_p5a_153_filtered.pcd -p fpfh_4 -log ,../../files/20240416_fhtw_stairs_p5a_153_filtered.pcd,../../files/feature_desc/20231121_fhtw_hallway_groundplane_tf_fpfh_4_PointNormal.pcd,../../files/feature_desc/20231121_fhtw_hallway_groundplane_tf_fpfh_4_fpfh33.pcd,fpfh_4,240.748580,65995.266138,11.568593,FAILED,none,none,none,5000000,0.930000,0.300000,0.960000
ChrisLegion,./15_fpfh_registration,09/11/24 18:39:09.911960610 UTC,../../files/feature_desc/20231121_fhtw_hallway_groundplane_tf_fpfh_4.pcd ../../files/20240416_fhtw_stairs_p5a_140_filtered.pcd -p fpfh_4 -log ,../../files/20240416_fhtw_stairs_p5a_140_filtered.pcd,../../files/feature_desc/20231121_fhtw_hallway_groundplane_tf_fpfh_4_PointNormal.pcd,../../files/feature_desc/20231121_fhtw_hallway_groundplane_tf_fpfh_4_fpfh33.pcd,fpfh_4,271.562951,112359.873982,14.088427,FAILED,none,none,none,5000000,0.930000,0.300000,0.960000
ChrisLegion,./15_fpfh_registration,09/11/24 18:39:03.150543227 UTC,../../files/feature_desc/20231121_fhtw_hallway_groundplane_tf_fpfh_4.pcd ../../files/20240416_fhtw_stairs_p5a_146_filtered.pcd -p fpfh_4 -log ,../../files/20240416_fhtw_stairs_p5a_146_filtered.pcd,../../files/feature_desc/20231121_fhtw_hallway_groundplane_tf_fpfh_4_PointNormal.pcd,../../files/feature_desc/20231121_fhtw_hallway_groundplane_tf_fpfh_4_fpfh33.pcd,fpfh_4,227.845034,133302.686744,13.878397,FAILED,none,none,none,5000000,0.930000,0.300000,0.960000
ChrisLegion,./15_fpfh_registration,09/11/24 18:40:10.118580680 UTC,../../files/feature_desc/20231121_fhtw_hallway_groundplane_tf_fpfh_4.pcd ../../files/20240416_fhtw_stairs_p5a_154_filtered.pcd -p fpfh_4 -log ,../../files/20240416_fhtw_stairs_p5a_154_filtered.pcd,../../files/feature_desc/20231121_fhtw_hallway_groundplane_tf_fpfh_4_PointNormal.pcd,../../files/feature_desc/20231121_fhtw_hallway_groundplane_tf_fpfh_4_fpfh33.pcd,fpfh_4,189.803631,71304.895413,10.676416,FAILED,none,none,none,5000000,0.930000,0.300000,0.960000
ChrisLegion,./15_fpfh_registration,09/11/24 18:40:48.523522620 UTC,../../files/feature_desc/20231121_fhtw_hallway_groundplane_tf_fpfh_4.pcd ../../files/20240416_fhtw_stairs_p5a_156_filtered.pcd -p fpfh_4 -log ,../../files/20240416_fhtw_stairs_p5a_156_filtered.pcd,../../files/feature_desc/20231121_fhtw_hallway_groundplane_tf_fpfh_4_PointNormal.pcd,../../files/feature_desc/20231121_fhtw_hallway_groundplane_tf_fpfh_4_fpfh33.pcd,fpfh_4,277.460205,34855.076020,9.782016,FAILED,none,none,none,5000000,0.930000,0.300000,0.960000
ChrisLegion,./15_fpfh_registration,09/11/24 18:40:11.906317852 UTC,../../files/feature_desc/20231121_fhtw_hallway_groundplane_tf_fpfh_4.pcd ../../files/20240416_fhtw_stairs_p5a_163_filtered.pcd -p fpfh_4 -log ,../../files/20240416_fhtw_stairs_p5a_163_filtered.pcd,../../files/feature_desc/20231121_fhtw_hallway_groundplane_tf_fpfh_4_PointNormal.pcd,../../files/feature_desc/20231121_fhtw_hallway_groundplane_tf_fpfh_4_fpfh33.pcd,fpfh_4,242.072198,79889.935161,12.199072,FAILED,none,none,none,5000000,0.930000,0.300000,0.960000
ChrisLegion,./15_fpfh_registration,09/11/24 18:40:11.975868215 UTC,../../files/feature_desc/20231121_fhtw_hallway_groundplane_tf_fpfh_4.pcd ../../files/20240416_fhtw_stairs_p5a_150_filtered.pcd -p fpfh_4 -log ,../../files/20240416_fhtw_stairs_p5a_150_filtered.pcd,../../files/feature_desc/20231121_fhtw_hallway_groundplane_tf_fpfh_4_PointNormal.pcd,../../files/feature_desc/20231121_fhtw_hallway_groundplane_tf_fpfh_4_fpfh33.pcd,fpfh_4,292.528180,82003.764147,12.060349,FAILED,none,none,none,5000000,0.930000,0.300000,0.960000
ChrisLegion,./15_fpfh_registration,09/11/24 18:39:57.377706490 UTC,../../files/feature_desc/20231121_fhtw_hallway_groundplane_tf_fpfh_4.pcd ../../files/20240416_fhtw_stairs_p5a_147_filtered.pcd -p fpfh_4 -log ,../../files/20240416_fhtw_stairs_p5a_147_filtered.pcd,../../files/feature_desc/20231121_fhtw_hallway_groundplane_tf_fpfh_4_PointNormal.pcd,../../files/feature_desc/20231121_fhtw_hallway_groundplane_tf_fpfh_4_fpfh33.pcd,fpfh_4,190.692985,108707.758093,13.316868,FAILED,none,none,none,5000000,0.930000,0.300000,0.960000
ChrisLegion,./15_fpfh_registration,09/11/24 18:39:51.155418640 UTC,../../files/feature_desc/20231121_fhtw_hallway_groundplane_tf_fpfh_4.pcd ../../files/20240416_fhtw_stairs_p5a_145_filtered.pcd -p fpfh_4 -log ,../../files/20240416_fhtw_stairs_p5a_145_filtered.pcd,../../files/feature_desc/20231121_fhtw_hallway_groundplane_tf_fpfh_4_PointNormal.pcd,../../files/feature_desc/20231121_fhtw_hallway_groundplane_tf_fpfh_4_fpfh33.pcd,fpfh_4,196.715732,115552.240048,13.630634,FAILED,none,none,none,5000000,0.930000,0.300000,0.960000
ChrisLegion,./15_fpfh_registration,09/11/24 18:39:52.437447682 UTC,../../files/feature_desc/20231121_fhtw_hallway_groundplane_tf_fpfh_4.pcd ../../files/20240416_fhtw_stairs_p5a_148_filtered.pcd -p fpfh_4 -log ,../../files/20240416_fhtw_stairs_p5a_148_filtered.pcd,../../files/feature_desc/20231121_fhtw_hallway_groundplane_tf_fpfh_4_PointNormal.pcd,../../files/feature_desc/20231121_fhtw_hallway_groundplane_tf_fpfh_4_fpfh33.pcd,fpfh_4,226.675933,115471.681186,13.179000,FAILED,none,none,none,5000000,0.930000,0.300000,0.960000
ChrisLegion,./15_fpfh_registration,09/11/24 18:41:18.827543561 UTC,../../files/feature_desc/20231121_fhtw_hallway_groundplane_tf_fpfh_4.pcd ../../files/20240416_fhtw_stairs_p5a_158_filtered.pcd -p fpfh_4 -log ,../../files/20240416_fhtw_stairs_p5a_158_filtered.pcd,../../files/feature_desc/20231121_fhtw_hallway_groundplane_tf_fpfh_4_PointNormal.pcd,../../files/feature_desc/20231121_fhtw_hallway_groundplane_tf_fpfh_4_fpfh33.pcd,fpfh_4,270.866448,40011.704233,6.825208,FAILED,none,none,none,5000000,0.930000,0.300000,0.960000
ChrisLegion,./15_fpfh_registration,09/11/24 18:40:22.563370200 UTC,../../files/feature_desc/20231121_fhtw_hallway_groundplane_tf_fpfh_4.pcd ../../files/20240416_fhtw_stairs_p5a_149_filtered.pcd -p fpfh_4 -log ,../../files/20240416_fhtw_stairs_p5a_149_filtered.pcd,../../files/feature_desc/20231121_fhtw_hallway_groundplane_tf_fpfh_4_PointNormal.pcd,../../files/feature_desc/20231121_fhtw_hallway_groundplane_tf_fpfh_4_fpfh33.pcd,fpfh_4,228.641724,98735.591966,12.345632,FAILED,none,none,none,5000000,0.930000,0.300000,0.960000
ChrisLegion,./15_fpfh_registration,09/11/24 18:41:36.489915790 UTC,../../files/feature_desc/20231121_fhtw_hallway_groundplane_tf_fpfh_4.pcd ../../files/20240416_fhtw_stairs_p5a_162_filtered.pcd -p fpfh_4 -log ,../../files/20240416_fhtw_stairs_p5a_162_filtered.pcd,../../files/feature_desc/20231121_fhtw_hallway_groundplane_tf_fpfh_4_PointNormal.pcd,../../files/feature_desc/20231121_fhtw_hallway_groundplane_tf_fpfh_4_fpfh33.pcd,fpfh_4,180.614256,32936.896791,5.106655,FAILED,none,none,none,5000000,0.930000,0.300000,0.960000
ChrisLegion,./15_fpfh_registration,09/11/24 18:41:04.704853214 UTC,../../files/feature_desc/20231121_fhtw_hallway_groundplane_tf_fpfh_4.pcd ../../files/20240416_fhtw_stairs_p5a_152_filtered.pcd -p fpfh_4 -log ,../../files/20240416_fhtw_stairs_p5a_152_filtered.pcd,../../files/feature_desc/20231121_fhtw_hallway_groundplane_tf_fpfh_4_PointNormal.pcd,../../files/feature_desc/20231121_fhtw_hallway_groundplane_tf_fpfh_4_fpfh33.pcd,fpfh_4,266.773047,71324.294479,11.638972,FAILED,none,none,none,5000000,0.930000,0.300000,0.960000
ChrisLegion,./15_fpfh_registration,09/11/24 18:41:50.324642708 UTC,../../files/feature_desc/20231121_fhtw_hallway_groundplane_tf_fpfh_4.pcd ../../files/20240416_fhtw_stairs_p5a_160_filtered.pcd -p fpfh_4 -log ,../../files/20240416_fhtw_stairs_p5a_160_filtered.pcd,../../files/feature_desc/20231121_fhtw_hallway_groundplane_tf_fpfh_4_PointNormal.pcd,../../files/feature_desc/20231121_fhtw_hallway_groundplane_tf_fpfh_4_fpfh33.pcd,fpfh_4,203.878904,35739.900726,5.056254,FAILED,none,none,none,5000000,0.930000,0.300000,0.960000
ChrisLegion,./15_fpfh_registration,09/11/24 18:41:49.136165500 UTC,../../files/feature_desc/20231121_fhtw_hallway_groundplane_tf_fpfh_4.pcd ../../files/20240416_fhtw_stairs_p5a_157_filtered.pcd -p fpfh_4 -log ,../../files/20240416_fhtw_stairs_p5a_157_filtered.pcd,../../files/feature_desc/20231121_fhtw_hallway_groundplane_tf_fpfh_4_PointNormal.pcd,../../files/feature_desc/20231121_fhtw_hallway_groundplane_tf_fpfh_4_fpfh33.pcd,fpfh_4,228.508584,37278.929595,8.447132,FAILED,none,none,none,5000000,0.930000,0.300000,0.960000
ChrisLegion,./15_fpfh_registration,09/11/24 18:41:48.436880913 UTC,../../files/feature_desc/20231121_fhtw_hallway_groundplane_tf_fpfh_4.pcd ../../files/20240416_fhtw_stairs_p5a_159_filtered.pcd -p fpfh_4 -log ,../../files/20240416_fhtw_stairs_p5a_159_filtered.pcd,../../files/feature_desc/20231121_fhtw_hallway_groundplane_tf_fpfh_4_PointNormal.pcd,../../files/feature_desc/20231121_fhtw_hallway_groundplane_tf_fpfh_4_fpfh33.pcd,fpfh_4,214.755632,39301.030987,5.653220,FAILED,none,none,none,5000000,0.930000,0.300000,0.960000
ChrisLegion,./15_fpfh_registration,09/11/24 18:42:03.694900230 UTC,../../files/feature_desc/20231121_fhtw_hallway_groundplane_tf_fpfh_4.pcd ../../files/20240416_fhtw_stairs_p5a_161_filtered.pcd -p fpfh_4 -log ,../../files/20240416_fhtw_stairs_p5a_161_filtered.pcd,../../files/feature_desc/20231121_fhtw_hallway_groundplane_tf_fpfh_4_PointNormal.pcd,../../files/feature_desc/20231121_fhtw_hallway_groundplane_tf_fpfh_4_fpfh33.pcd,fpfh_4,273.477488,25495.298391,5.221128,FAILED,none,none,none,5000000,0.930000,0.300000,0.960000
ChrisLegion,./15_fpfh_registration,09/11/24 18:39:54.88913898 UTC,../../files/feature_desc/20231121_fhtw_hallway_groundplane_tf_fpfh_4.pcd ../../files/20240416_fhtw_stairs_p5a_167_filtered.pcd -p fpfh_4 -log ,../../files/20240416_fhtw_stairs_p5a_167_filtered.pcd,../../files/feature_desc/20231121_fhtw_hallway_groundplane_tf_fpfh_4_PointNormal.pcd,../../files/feature_desc/20231121_fhtw_hallway_groundplane_tf_fpfh_4_fpfh33.pcd,fpfh_4,244.734187,202223.358747,22.305301,FAILED,none,none,none,5000000,0.930000,0.300000,0.960000
ChrisLegion,./15_fpfh_registration,09/11/24 18:40:55.696376572 UTC,../../files/feature_desc/20231121_fhtw_hallway_groundplane_tf_fpfh_4.pcd ../../files/20240416_fhtw_stairs_p5a_165_filtered.pcd -p fpfh_4 -log ,../../files/20240416_fhtw_stairs_p5a_165_filtered.pcd,../../files/feature_desc/20231121_fhtw_hallway_groundplane_tf_fpfh_4_PointNormal.pcd,../../files/feature_desc/20231121_fhtw_hallway_groundplane_tf_fpfh_4_fpfh33.pcd,fpfh_4,244.034953,142626.449099,18.942992,FAILED,none,none,none,5000000,0.930000,0.300000,0.960000
ChrisLegion,./15_fpfh_registration,09/11/24 18:41:34.193179331 UTC,../../files/feature_desc/20231121_fhtw_hallway_groundplane_tf_fpfh_4.pcd ../../files/20240416_fhtw_stairs_p5a_175_filtered.pcd -p fpfh_4 -log ,../../files/20240416_fhtw_stairs_p5a_175_filtered.pcd,../../files/feature_desc/20231121_fhtw_hallway_groundplane_tf_fpfh_4_PointNormal.pcd,../../files/feature_desc/20231121_fhtw_hallway_groundplane_tf_fpfh_4_fpfh33.pcd,fpfh_4,209.659905,117947.365150,15.347233,FAILED,none,none,none,5000000,0.930000,0.300000,0.960000
ChrisLegion,./15_fpfh_registration,09/11/24 18:41:23.777649470 UTC,../../files/feature_desc/20231121_fhtw_hallway_groundplane_tf_fpfh_4.pcd ../../files/20240416_fhtw_stairs_p5a_166_filtered.pcd -p fpfh_4 -log ,../../files/20240416_fhtw_stairs_p5a_166_filtered.pcd,../../files/feature_desc/20231121_fhtw_hallway_groundplane_tf_fpfh_4_PointNormal.pcd,../../files/feature_desc/20231121_fhtw_hallway_groundplane_tf_fpfh_4_fpfh33.pcd,fpfh_4,279.557224,145624.235606,19.801611,FAILED,none,none,none,5000000,0.930000,0.300000,0.960000
ChrisLegion,./15_fpfh_registration,09/11/24 18:42:18.449533565 UTC,../../files/feature_desc/20231121_fhtw_hallway_groundplane_tf_fpfh_4.pcd ../../files/20240416_fhtw_stairs_p5a_164_filtered.pcd -p fpfh_4 -log ,../../files/20240416_fhtw_stairs_p5a_164_filtered.pcd,../../files/feature_desc/20231121_fhtw_hallway_groundplane_tf_fpfh_4_PointNormal.pcd,../../files/feature_desc/20231121_fhtw_hallway_groundplane_tf_fpfh_4_fpfh33.pcd,fpfh_4,228.848957,105600.850868,17.060719,FAILED,none,none,none,5000000,0.930000,0.300000,0.960000
ChrisLegion,./15_fpfh_registration,09/11/24 18:42:01.276140512 UTC,../../files/feature_desc/20231121_fhtw_hallway_groundplane_tf_fpfh_4.pcd ../../files/20240416_fhtw_stairs_p5a_170_filtered.pcd -p fpfh_4 -log ,../../files/20240416_fhtw_stairs_p5a_170_filtered.pcd,../../files/feature_desc/20231121_fhtw_hallway_groundplane_tf_fpfh_4_PointNormal.pcd,../../files/feature_desc/20231121_fhtw_hallway_groundplane_tf_fpfh_4_fpfh33.pcd,fpfh_4,264.167816,126873.809536,16.781294,FAILED,none,none,none,5000000,0.930000,0.300000,0.960000
ChrisLegion,./15_fpfh_registration,09/11/24 18:42:28.408644204 UTC,../../files/feature_desc/20231121_fhtw_hallway_groundplane_tf_fpfh_4.pcd ../../files/20240416_fhtw_stairs_p5a_172_filtered.pcd -p fpfh_4 -log ,../../files/20240416_fhtw_stairs_p5a_172_filtered.pcd,../../files/feature_desc/20231121_fhtw_hallway_groundplane_tf_fpfh_4_PointNormal.pcd,../../files/feature_desc/20231121_fhtw_hallway_groundplane_tf_fpfh_4_fpfh33.pcd,fpfh_4,199.751942,104032.763969,16.129206,FAILED,none,none,none,5000000,0.930000,0.300000,0.960000
ChrisLegion,./15_fpfh_registration,09/11/24 18:42:11.755589153 UTC,../../files/feature_desc/20231121_fhtw_hallway_groundplane_tf_fpfh_4.pcd ../../files/20240416_fhtw_stairs_p5a_174_filtered.pcd -p fpfh_4 -log ,../../files/20240416_fhtw_stairs_p5a_174_filtered.pcd,../../files/feature_desc/20231121_fhtw_hallway_groundplane_tf_fpfh_4_PointNormal.pcd,../../files/feature_desc/20231121_fhtw_hallway_groundplane_tf_fpfh_4_fpfh33.pcd,fpfh_4,222.799513,124130.582400,15.928398,FAILED,none,none,none,5000000,0.930000,0.300000,0.960000
ChrisLegion,./15_fpfh_registration,09/11/24 18:41:25.868768170 UTC,../../files/feature_desc/20231121_fhtw_hallway_groundplane_tf_fpfh_4.pcd ../../files/20240416_fhtw_stairs_p5a_168_filtered.pcd -p fpfh_4 -log ,../../files/20240416_fhtw_stairs_p5a_168_filtered.pcd,../../files/feature_desc/20231121_fhtw_hallway_groundplane_tf_fpfh_4_PointNormal.pcd,../../files/feature_desc/20231121_fhtw_hallway_groundplane_tf_fpfh_4_fpfh33.pcd,fpfh_4,259.582883,181559.690239,20.837712,FAILED,none,none,none,5000000,0.930000,0.300000,0.960000
ChrisLegion,./15_fpfh_registration,09/11/24 18:42:31.595140850 UTC,../../files/feature_desc/20231121_fhtw_hallway_groundplane_tf_fpfh_4.pcd ../../files/20240416_fhtw_stairs_p5a_173_filtered.pcd -p fpfh_4 -log ,../../files/20240416_fhtw_stairs_p5a_173_filtered.pcd,../../files/feature_desc/20231121_fhtw_hallway_groundplane_tf_fpfh_4_PointNormal.pcd,../../files/feature_desc/20231121_fhtw_hallway_groundplane_tf_fpfh_4_fpfh33.pcd,fpfh_4,240.953788,116125.287192,16.021598,FAILED,none,none,none,5000000,0.930000,0.300000,0.960000
ChrisLegion,./15_fpfh_registration,09/11/24 18:42:30.113606775 UTC,../../files/feature_desc/20231121_fhtw_hallway_groundplane_tf_fpfh_4.pcd ../../files/20240416_fhtw_stairs_p5a_171_filtered.pcd -p fpfh_4 -log ,../../files/20240416_fhtw_stairs_p5a_171_filtered.pcd,../../files/feature_desc/20231121_fhtw_hallway_groundplane_tf_fpfh_4_PointNormal.pcd,../../files/feature_desc/20231121_fhtw_hallway_groundplane_tf_fpfh_4_fpfh33.pcd,fpfh_4,211.819942,117885.409983,16.633200,FAILED,none,none,none,5000000,0.930000,0.300000,0.960000
ChrisLegion,./15_fpfh_registration,09/11/24 18:42:28.784081628 UTC,../../files/feature_desc/20231121_fhtw_hallway_groundplane_tf_fpfh_4.pcd ../../files/20240416_fhtw_stairs_p5a_169_filtered.pcd -p fpfh_4 -log ,../../files/20240416_fhtw_stairs_p5a_169_filtered.pcd,../../files/feature_desc/20231121_fhtw_hallway_groundplane_tf_fpfh_4_PointNormal.pcd,../../files/feature_desc/20231121_fhtw_hallway_groundplane_tf_fpfh_4_fpfh33.pcd,fpfh_4,229.616990,132401.565067,18.281992,FAILED,none,none,none,5000000,0.930000,0.300000,0.960000
ChrisLegion,./15_fpfh_registration,09/11/24 18:43:20.719325522 UTC,../../files/feature_desc/20231121_fhtw_hallway_groundplane_tf_fpfh_4.pcd ../../files/20240416_fhtw_stairs_p5a_177_filtered.pcd -p fpfh_4 -log ,../../files/20240416_fhtw_stairs_p5a_177_filtered.pcd,../../files/feature_desc/20231121_fhtw_hallway_groundplane_tf_fpfh_4_PointNormal.pcd,../../files/feature_desc/20231121_fhtw_hallway_groundplane_tf_fpfh_4_fpfh33.pcd,fpfh_4,222.087840,91828.463122,14.501603,FAILED,none,none,none,5000000,0.930000,0.300000,0.960000
ChrisLegion,./15_fpfh_registration,09/11/24 18:44:06.441482258 UTC,../../files/feature_desc/20231121_fhtw_hallway_groundplane_tf_fpfh_4.pcd ../../files/20240416_fhtw_stairs_p5a_176_filtered.pcd -p fpfh_4 -log ,../../files/20240416_fhtw_stairs_p5a_176_filtered.pcd,../../files/feature_desc/20231121_fhtw_hallway_groundplane_tf_fpfh_4_PointNormal.pcd,../../files/feature_desc/20231121_fhtw_hallway_groundplane_tf_fpfh_4_fpfh33.pcd,fpfh_4,217.892913,64279.639779,15.051604,FAILED,none,none,none,5000000,0.930000,0.300000,0.960000
ChrisLegion,./15_fpfh_registration,09/11/24 18:43:51.817470534 UTC,../../files/feature_desc/20231121_fhtw_hallway_groundplane_tf_fpfh_4.pcd ../../files/20240416_fhtw_stairs_p5a_178_filtered.pcd -p fpfh_4 -log ,../../files/20240416_fhtw_stairs_p5a_178_filtered.pcd,../../files/feature_desc/20231121_fhtw_hallway_groundplane_tf_fpfh_4_PointNormal.pcd,../../files/feature_desc/20231121_fhtw_hallway_groundplane_tf_fpfh_4_fpfh33.pcd,fpfh_4,229.907470,84590.113897,14.725184,FAILED,none,none,none,5000000,0.930000,0.300000,0.960000
